-- MySQL dump 10.13  Distrib 5.7.21, for Linux (x86_64)
--
-- Host: localhost    Database: sccd
-- ------------------------------------------------------
-- Server version	5.7.21-0ubuntu0.16.04.1

/*!40101 SET @OLD_CHARACTER_SET_CLIENT=@@CHARACTER_SET_CLIENT */;
/*!40101 SET @OLD_CHARACTER_SET_RESULTS=@@CHARACTER_SET_RESULTS */;
/*!40101 SET @OLD_COLLATION_CONNECTION=@@COLLATION_CONNECTION */;
/*!40101 SET NAMES utf8 */;
/*!40103 SET @OLD_TIME_ZONE=@@TIME_ZONE */;
/*!40103 SET TIME_ZONE='+00:00' */;
/*!40014 SET @OLD_UNIQUE_CHECKS=@@UNIQUE_CHECKS, UNIQUE_CHECKS=0 */;
/*!40014 SET @OLD_FOREIGN_KEY_CHECKS=@@FOREIGN_KEY_CHECKS, FOREIGN_KEY_CHECKS=0 */;
/*!40101 SET @OLD_SQL_MODE=@@SQL_MODE, SQL_MODE='NO_AUTO_VALUE_ON_ZERO' */;
/*!40111 SET @OLD_SQL_NOTES=@@SQL_NOTES, SQL_NOTES=0 */;

--
-- Table structure for table `IT`
--

DROP TABLE IF EXISTS `IT`;
/*!40101 SET @saved_cs_client     = @@character_set_client */;
/*!40101 SET character_set_client = utf8 */;
CREATE TABLE `IT` (
  `tcid` int(4) NOT NULL AUTO_INCREMENT,
  `pid` char(64) DEFAULT NULL,
  `type` char(3) DEFAULT 'UI5',
  `branch` char(32) DEFAULT 'master',
  `passed` int(4) DEFAULT NULL,
  `failed` int(4) DEFAULT NULL,
  `skipped` int(4) DEFAULT NULL,
  `assertion` int(4) DEFAULT NULL,
  `stmtcover` float DEFAULT NULL,
  `timestamp` char(14) DEFAULT NULL,
  PRIMARY KEY (`tcid`)
) ENGINE=InnoDB AUTO_INCREMENT=193 DEFAULT CHARSET=latin1;
/*!40101 SET character_set_client = @saved_cs_client */;

--
-- Dumping data for table `IT`
--

LOCK TABLES `IT` WRITE;
/*!40000 ALTER TABLE `IT` DISABLE KEYS */;
INSERT INTO `IT` VALUES (5,'sap.b1.smp.pum','UI5','master',19,18,1,38,NULL,'20180103121814'),(6,'sap.support.bydchat','UI5','master',11,0,0,24,NULL,'20180104011653'),(7,'sap.support.expertchat','UI5','master',19,1,0,76,NULL,'20180104012150'),(8,'sap.support.incidentform','UI5','master',60,0,0,182,NULL,'20180104091504'),(9,'sap.support.incidentform','UI5','master',60,0,0,182,NULL,'20180105095553'),(10,'sap.support.bydchat','UI5','master',11,0,0,24,NULL,'20180105091427'),(11,'sap.support.expertchat','UI5','master',19,1,0,76,NULL,'20180105090853'),(12,'sap.support.bydchat','UI5','master',11,0,0,24,NULL,'20180106143832'),(13,'sap.support.bydchat','UI5','master',11,0,0,24,NULL,'20180107080816'),(14,'sap.support.incidentdevopsdashboard','UI5','master',3,0,0,4,NULL,'20180108053915'),(15,'sap.support.expertchat','UI5','master',20,0,0,80,NULL,'20180108080308'),(16,'sap.support.guestuseradmin','UI5','master',0,5,4,6,NULL,'20180108102939'),(17,'sap.support.incidentform','UI5','master',60,0,0,182,NULL,'20180108091910'),(18,'sap.support.bydchat','UI5','master',11,0,0,24,NULL,'20180108141616'),(19,'sap.support.expertchat','UI5','master',20,0,0,80,NULL,'20180109063841'),(20,'sap.support.incidentform','UI5','transport',60,0,0,182,NULL,'20180109024509'),(21,'sap.support.incidentdevopsdashboard','UI5','master',0,3,0,3,NULL,'20180109075914'),(22,'sap.support.bydchat','UI5','master',11,0,0,24,NULL,'20180109072846'),(23,'sap.support.bydchat','UI5','master',11,0,0,24,NULL,'20180110051312'),(24,'sap.support.incidentform','UI5','master',60,0,0,182,NULL,'20180110101713'),(25,'sap.support.guestuseradmin','UI5','master',0,5,4,6,NULL,'20180110071752'),(26,'sap.support.incidentdevopsdashboard','UI5','master',3,0,0,4,NULL,'20180111113204'),(27,'sap.support.bydchat','UI5','master',11,0,0,24,NULL,'20180111051817'),(28,'sap.support.bydchat','UI5','master',11,0,0,25,NULL,'20180112100227'),(29,'sap.support.guestuseradmin','UI5','master',0,5,4,6,NULL,'20180115010451'),(30,'sap.support.bydchat','UI5','master',11,0,0,25,NULL,'20180115051300'),(31,'sap.support.sae','UI5','master',0,39,0,52,NULL,'20180116094447'),(32,'sap.support.incidentform','UI5','master',60,0,0,182,NULL,'20180116051703'),(33,'sap.support.bydchat','UI5','master',11,0,0,25,NULL,'20180116082351'),(34,'sap.support.solutionV2','UI5','master',0,2,0,4,NULL,'20180116085627'),(35,'sap.support.nnfv2','UI5','master',63,19,0,87,NULL,'20180116102350'),(36,'sap.support.solutionV2','UI5','master',0,2,0,4,NULL,'20180117023809'),(37,'sap.support.bydchat','UI5','master',11,0,0,25,NULL,'20180117084420'),(38,'sap.support.sae','UI5','master',0,39,0,52,NULL,'20180117105053'),(39,'sap.support.sae','UI5','master',0,39,0,52,NULL,'20180118090741'),(40,'sap.support.solutionV2','UI5','master',0,2,0,4,NULL,'20180119030800'),(41,'sap.support.incidentdevopsdashboard','UI5','master',3,0,0,4,NULL,'20180119141951'),(42,'sap.support.bydchat','UI5','master',11,0,0,25,NULL,'20180119062651'),(43,'sap.support.incidentdevopsdashboard','UI5','master',3,0,0,4,NULL,'20180120133552'),(44,'sap.support.expertchat','UI5','master',20,0,0,80,NULL,'20180120132131'),(45,'sap.support.sae','UI5','master',1,38,0,69,NULL,'20180122115321'),(46,'sap.support.incidentform','UI5','master',60,0,0,182,NULL,'20180122070705'),(47,'sap.support.solutionV2','UI5','master',0,2,0,4,NULL,'20180122080346'),(48,'sap.support.expertchat','UI5','master',20,0,0,80,NULL,'20180122071348'),(49,'sap.support.sae','UI5','master',1,38,0,69,NULL,'20180123095324'),(50,'sap.support.incidentdevopsdashboard','UI5','master',3,0,0,4,NULL,'20180123092451'),(51,'sap.support.solutionV2','UI5','master',0,2,0,4,NULL,'20180123083328'),(52,'sap.support.sae','UI5','master',1,38,0,69,NULL,'20180124062236'),(53,'sap.support.secunotes','UI5','master',47,9,0,162,NULL,'20180124064022'),(54,'sap.support.incidentform','UI5','master',60,0,0,182,NULL,'20180124064914'),(55,'sap.support.incidentdevopsdashboard','UI5','master',3,0,0,4,NULL,'20180124080624'),(56,'sap.support.sae','UI5','master',1,38,0,69,NULL,'20180125085741'),(57,'sap.support.incidentform','UI5','master',60,0,0,182,NULL,'20180125094407'),(58,'sap.support.expertchat','UI5','master',20,0,0,80,NULL,'20180125084836'),(59,'sap.support.sae','UI5','master',1,38,0,69,NULL,'20180126025537'),(60,'sap.support.incidentform','UI5','hotfix',60,0,0,182,NULL,'20180126063854'),(61,'sap.support.sae','UI5','master',1,38,0,54,NULL,'20180131090115'),(62,'sap.support.bydchat','UI5','master',11,0,0,25,NULL,'20180131074815'),(63,'sap.support.expertchat','UI5','master',20,0,0,80,NULL,'20180131075138'),(64,'sap.support.solutionV2','UI5','master',0,2,0,3,NULL,'20180131090701'),(65,'sap.support.secunotes','UI5','master',42,14,0,146,NULL,'20180131092212'),(66,'sap.b1.smp.pum','UI5','master',35,2,1,43,NULL,'20180201021542'),(67,'sap.support.solutionV2','UI5','master',0,2,0,3,NULL,'20180201060615'),(68,'sap.support.sae','UI5','master',1,38,0,54,NULL,'20180201070740'),(69,'sap.support.secunotes','UI5','master',44,12,0,147,NULL,'20180201101228'),(70,'sap.support.incidentform','UI5','master',60,0,0,182,NULL,'20180202064116'),(71,'sap.support.sae','UI5','master',1,38,0,54,NULL,'20180202085839'),(72,'sap.support.incidentdevopsdashboard','UI5','master',3,0,0,4,NULL,'20180202082206'),(73,'sap.support.secunotes','UI5','master',44,12,0,147,NULL,'20180202070856'),(74,'sap.support.bydchat','UI5','master',11,0,0,25,NULL,'20180202060430'),(75,'sap.support.solutionV2','UI5','master',0,2,0,3,NULL,'20180202071328'),(76,'sap.support.incidentform','UI5','master',60,0,0,182,NULL,'20180205132414'),(77,'sap.support.bydchat','UI5','master',11,0,0,25,NULL,'20180205051415'),(78,'sap.support.incidentdevopsdashboard','UI5','master',3,0,0,4,NULL,'20180205053953'),(79,'sap.support.secunotes','UI5','master',44,12,0,148,NULL,'20180205060144'),(80,'sap.support.sae','UI5','master',1,38,0,54,NULL,'20180205102508'),(81,'sap.support.incidentform','UI5','master',60,0,0,182,NULL,'20180206081658'),(82,'sap.support.solutionV2','UI5','master',0,2,0,3,NULL,'20180206084717'),(83,'sap.support.incidentform','UI5','master',59,1,0,183,NULL,'20180207121344'),(84,'sap.support.systemdata','UI5','master',0,1,0,2,NULL,'20180207092545'),(85,'sap.support.incidentform','UI5','master',59,1,0,183,NULL,'20180208104739'),(86,'sap.support.sae','UI5','master',1,38,0,54,NULL,'20180208102148'),(87,'sap.support.systemdata','UI5','master',0,3,0,4,NULL,'20180209110401'),(88,'sap.support.bydchat','UI5','master',11,0,0,25,NULL,'20180209055702'),(89,'sap.support.incidentdevopsdashboard','UI5','master',3,0,0,4,NULL,'20180209072127'),(90,'sap.support.secunotes','UI5','master',44,12,0,147,NULL,'20180209060306'),(91,'sap.support.sae','UI5','master',39,0,0,118,NULL,'20180209113233'),(92,'sap.support.incidentform','UI5','master',60,0,0,182,NULL,'20180209100137'),(93,'sap.support.incidentdevopsdashboard','UI5','master',3,0,0,4,NULL,'20180212054004'),(94,'sap.support.systemdata','UI5','master',0,3,0,4,NULL,'20180212065523'),(95,'sap.support.incidentform','UI5','master',60,0,0,182,NULL,'20180213101225'),(96,'sap.support.incidentdevopsdashboard','UI5','master',3,0,0,4,NULL,'20180213053933'),(97,'sap.support.systemdata','UI5','master',0,3,0,4,NULL,'20180213065532'),(98,'sap.support.expertchat','UI5','master',20,0,0,80,NULL,'20180213101108'),(99,'sap.support.bydchat','UI5','master',11,0,0,25,NULL,'20180213100822'),(100,'sap.support.sae','UI5','master',39,0,0,118,NULL,'20180213100632'),(101,'sap.support.systemdata','UI5','master',0,3,0,4,NULL,'20180214083843'),(102,'sap.support.incidentform','UI5','master',60,0,0,182,NULL,'20180219051128'),(103,'sap.support.bydchat','UI5','master',11,0,0,25,NULL,'20180219051335'),(104,'sap.support.incidentdevopsdashboard','UI5','master',3,0,0,4,NULL,'20180219053944'),(105,'sap.support.secunotes','UI5','master',44,12,0,147,NULL,'20180219060109'),(106,'sap.support.systemdata','UI5','master',0,3,0,4,NULL,'20180219065537'),(107,'sap.support.sae','UI5','master',39,0,0,118,NULL,'20180219085322'),(108,'sap.support.expertchat','UI5','master',20,0,0,80,NULL,'20180220094526'),(109,'sap.support.expertchat','UI5','master',20,0,0,80,NULL,'20180221101049'),(110,'sap.support.systemdata','UI5','master',0,3,0,4,NULL,'20180221095000'),(111,'sap.support.systemdata','UI5','master',0,3,0,4,NULL,'20180222055327'),(112,'sap.support.expertchat','UI5','master',20,0,0,80,NULL,'20180222060312'),(113,'sap.support.expertchat','UI5','master',20,0,0,80,NULL,'20180223080722'),(114,'sap.support.sae','UI5','master',6,33,0,78,NULL,'20180223071938'),(115,'sap.support.incidentform','UI5','master',60,0,0,182,NULL,'20180223082104'),(116,'sap.support.bydchat','UI5','master',11,0,0,25,NULL,'20180223083120'),(117,'sap.support.sae','UI5','master',6,33,0,78,NULL,'20180224055400'),(118,'sap.support.systemdata','UI5','master',0,3,0,4,NULL,'20180224054644'),(119,'sap.support.sae','UI5','master',39,0,0,118,NULL,'20180226095902'),(120,'sap.support.solutionV2','UI5','master',0,2,0,3,NULL,'20180226065235'),(121,'sap.support.systemdata','UI5','master',0,3,0,4,NULL,'20180226080343'),(122,'sap.support.incidentform','UI5','master',60,0,0,182,NULL,'20180227060318'),(123,'sap.support.sae','UI5','master',6,33,0,78,NULL,'20180227121637'),(124,'sap.support.systemdata','UI5','master',0,3,0,4,NULL,'20180227092231'),(125,'sap.support.bydchat','UI5','master',11,0,0,25,NULL,'20180227132801'),(126,'sap.support.systemdata','UI5','master',0,3,0,4,NULL,'20180228053618'),(127,'sap.support.bydchat','UI5','master',11,0,0,25,NULL,'20180228023103'),(128,'sap.support.incidentform','UI5','master',60,0,0,182,NULL,'20180228111235'),(129,'sap.support.expertchat','UI5','master',20,0,0,80,NULL,'20180228064904'),(130,'sap.support.solutionV2','UI5','master',0,2,0,3,NULL,'20180228055726'),(131,'sap.support.sae','UI5','master',39,0,0,118,NULL,'20180228085222'),(132,'sap.support.expertchat','UI5','master',20,0,0,80,NULL,'20180301093423'),(133,'sap.support.sae','UI5','master',39,0,0,118,NULL,'20180301073507'),(134,'sap.support.expertchat','UI5','master',20,0,0,80,NULL,'20180302091243'),(135,'sap.support.sae','UI5','master',39,0,0,118,NULL,'20180302064035'),(136,'sap.support.incidentdevopsdashboard','UI5','master',3,0,0,4,NULL,'20180302070819'),(137,'sap.support.systemdata','UI5','master',0,3,0,4,NULL,'20180302094915'),(138,'sap.support.incidentform','UI5','master',60,0,0,182,NULL,'20180303113846'),(139,'sap.support.incidentdevopsdashboard','UI5','master',3,0,0,4,NULL,'20180303105146'),(140,'sap.support.sae','UI5','hotfix',39,0,0,118,NULL,'20180305102225'),(141,'sap.support.solutionV2','UI5','master',0,2,0,3,NULL,'20180305065816'),(142,'sap.support.secunotes','UI5','master',44,12,0,147,NULL,'20180305112731'),(143,'sap.support.incidentform','UI5','master',60,0,0,182,NULL,'20180305093739'),(144,'sap.support.expertchat','UI5','master',20,0,0,80,NULL,'20180305094208'),(145,'sap.support.bydchat','UI5','master',11,0,0,25,NULL,'20180305100812'),(146,'sap.support.incidentdevopsdashboard','UI5','master',3,0,0,4,NULL,'20180306014104'),(147,'sap.support.incidentform','UI5','master',60,0,0,182,NULL,'20180306064541'),(148,'sap.b1.smp.pum','UI5','master',33,4,1,42,NULL,'20180306023934'),(149,'sap.support.secunotes','UI5','master',44,12,0,147,NULL,'20180306053724'),(150,'sap.support.solutionV2','UI5','master',0,2,0,3,NULL,'20180306064209'),(151,'sap.support.systemdata','UI5','master',0,3,0,4,NULL,'20180306085540'),(152,'sap.support.sae','UI5','master',39,0,0,118,NULL,'20180306085438'),(153,'sap.support.guestuseradmin','UI5','master',1,4,4,5,NULL,'20180306090619'),(154,'sap.support.incidentform','UI5','master',60,0,0,182,NULL,'20180307025154'),(155,'sap.support.systemdata','UI5','master',3,0,0,17,NULL,'20180307103241'),(156,'sap.support.sae','UI5','master',34,5,0,86,NULL,'20180307093521'),(157,'sap.support.incidentdevopsdashboard','UI5','master',3,0,0,4,NULL,'20180307091935'),(158,'sap.support.guestuseradmin','UI5','master',1,4,4,5,NULL,'20180307103100'),(159,'sap.support.sae','UI5','master',39,0,0,118,NULL,'20180308140752'),(160,'sap.support.expertchat','UI5','master',20,0,0,80,NULL,'20180309140030'),(161,'sap.support.bydchat','UI5','master',11,0,0,25,NULL,'20180309122458'),(162,'sap.support.nnfv2','UI5','master',62,20,0,85,NULL,'20180309061453'),(163,'sap.support.solutionV2','UI5','master',0,2,0,3,NULL,'20180309063721'),(164,'sap.support.sae','UI5','master',39,0,0,118,NULL,'20180309124642'),(165,'sap.support.secunotes','UI5','master',44,12,0,147,NULL,'20180309064240'),(166,'sap.support.incidentform','UI5','master',60,0,0,182,NULL,'20180309141929'),(167,'sap.support.guestuseradmin','UI5','master',1,4,4,5,NULL,'20180309090118'),(168,'sap.support.expertchat','UI5','master',20,0,0,80,NULL,'20180310041252'),(169,'sap.support.bydchat','UI5','master',11,0,0,25,NULL,'20180310040514'),(170,'sap.support.incidentform','UI5','master',60,0,0,182,NULL,'20180310041207'),(171,'sap.support.sae','UI5','master',39,0,0,118,NULL,'20180310140213'),(172,'sap.support.sae','UI5','master',39,0,0,118,NULL,'20180312050843'),(173,'sap.support.systemdata','UI5','master',4,0,0,19,NULL,'20180312060345'),(174,'sap.support.solutionV2','UI5','master',0,2,0,3,NULL,'20180312091607'),(175,'sap.support.solutionV2','UI5','master',0,2,0,3,NULL,'20180313030505'),(176,'sap.support.sae','UI5','master',6,33,0,78,NULL,'20180313114023'),(177,'sap.support.incidentdevopsdashboard','UI5','master',3,0,0,4,NULL,'20180313104233'),(178,'sap.support.expertchat','UI5','master',20,0,0,80,NULL,'20180313114650'),(179,'sap.support.incidentform','UI5','master',60,0,0,182,NULL,'20180313053156'),(180,'sap.support.systemdata','UI5','master',0,1,0,1,NULL,'20180313090324'),(181,'sap.support.sae','UI5','master',39,0,0,118,NULL,'20180314085309'),(182,'sap.support.incidentdevopsdashboard','UI5','master',3,0,0,4,NULL,'20180314092540'),(183,'sap.support.systemdata','UI5','master',2,0,0,13,NULL,'20180314083827'),(184,'sap.support.incidentdevopsdashboard','UI5','master',3,0,0,4,NULL,'20180315081813'),(185,'sap.support.sae','UI5','master',38,1,0,119,NULL,'20180315113448'),(186,'sap.support.systemdata','UI5','master',3,0,0,17,NULL,'20180315110641'),(187,'sap.support.expertchat','UI5','master',20,0,0,80,NULL,'20180315113603'),(188,'sap.support.incidentform','UI5','master',60,0,0,182,NULL,'20180315115002'),(189,'sap.support.incidentdevopsdashboard','UI5','master',3,0,0,4,NULL,'20180316123059'),(190,'sap.support.systemdata','UI5','master',2,0,0,13,NULL,'20180316074559'),(191,'sap.support.sae','UI5','master',39,0,0,118,NULL,'20180316060733'),(192,'sap.support.incidentform','UI5','master',60,0,0,182,NULL,'20180316072631');
/*!40000 ALTER TABLE `IT` ENABLE KEYS */;
UNLOCK TABLES;

--
-- Table structure for table `Project`
--

DROP TABLE IF EXISTS `Project`;
/*!40101 SET @saved_cs_client     = @@character_set_client */;
/*!40101 SET character_set_client = utf8 */;
CREATE TABLE `Project` (
  `pid` char(64) NOT NULL,
  `name` char(128) DEFAULT NULL,
  `description` varchar(512) DEFAULT NULL,
  `contact` char(12) DEFAULT NULL,
  `team` char(4) DEFAULT NULL,
  PRIMARY KEY (`pid`)
) ENGINE=InnoDB DEFAULT CHARSET=latin1;
/*!40101 SET character_set_client = @saved_cs_client */;

--
-- Dumping data for table `Project`
--

LOCK TABLES `Project` WRITE;
/*!40000 ALTER TABLE `Project` DISABLE KEYS */;
INSERT INTO `Project` VALUES ('sap.b1.smp.pum','B1 Partner User Management',NULL,NULL,'tea1'),('sap.support.bydchat','ByD Chat',NULL,NULL,'tea1'),('sap.support.contingentchecker','Contingent Checker',NULL,NULL,'cteg'),('sap.support.engineersearch','Engineer Search',NULL,NULL,'note'),('sap.support.expertchat','Expert Chat','','I336475','tea1'),('sap.support.guestuseradmin','Guest User Admin',NULL,NULL,'sysd'),('sap.support.guestuserpartner','Guest User Partner',NULL,NULL,'sysd'),('sap.support.incidentdevopsdashboard','Incident Dev-Ops Dashboard',NULL,NULL,'tea2'),('sap.support.incidentform','Incident Form',NULL,NULL,'tea1'),('sap.support.mccactivities','MCC Activities',NULL,NULL,'cteg'),('sap.support.mk','Migration Key',NULL,NULL,'sysd'),('sap.support.newsystemeudp','System Data EUDP',NULL,NULL,'sysd'),('sap.support.nnfv2','New Note Framework',NULL,NULL,'note'),('sap.support.sae','Schedule an Expert',NULL,'I336475','tea1'),('sap.support.sbasystemdata','System Data Smart Business App',NULL,NULL,'sysd'),('sap.support.sdrtool','SDR Tool',NULL,NULL,'cteg'),('sap.support.secunotes','Security Notes',NULL,NULL,'note'),('sap.support.servicemessage','Service Message',NULL,NULL,'cteg'),('sap.support.solutionV2','Note Search',NULL,NULL,'note'),('sap.support.sscr','Software Change Registration',NULL,NULL,'sysd'),('sap.support.systemdata','System Data',NULL,NULL,'sysd'),('sap.support.userprofile','User Profile',NULL,NULL,'cteg');
/*!40000 ALTER TABLE `Project` ENABLE KEYS */;
UNLOCK TABLES;

--
-- Table structure for table `Team`
--

DROP TABLE IF EXISTS `Team`;
/*!40101 SET @saved_cs_client     = @@character_set_client */;
/*!40101 SET character_set_client = utf8 */;
CREATE TABLE `Team` (
  `tid` char(4) NOT NULL,
  `name` char(32) DEFAULT NULL,
  `contact` char(12) DEFAULT NULL,
  PRIMARY KEY (`tid`)
) ENGINE=InnoDB DEFAULT CHARSET=latin1;
/*!40101 SET character_set_client = @saved_cs_client */;

--
-- Dumping data for table `Team`
--

LOCK TABLES `Team` WRITE;
/*!40000 ALTER TABLE `Team` DISABLE KEYS */;
INSERT INTO `Team` VALUES ('cteg','Customer Engagement','I034868'),('note','Note','I068097'),('sysd','System Data','I035709'),('tea1','Customer Incident Agency','I059157'),('tea2','CSSNG BCD','I059157');
/*!40000 ALTER TABLE `Team` ENABLE KEYS */;
UNLOCK TABLES;

--
-- Table structure for table `UT`
--

DROP TABLE IF EXISTS `UT`;
/*!40101 SET @saved_cs_client     = @@character_set_client */;
/*!40101 SET character_set_client = utf8 */;
CREATE TABLE `UT` (
  `tcid` int(4) NOT NULL AUTO_INCREMENT,
  `pid` char(64) DEFAULT NULL,
  `type` char(3) DEFAULT 'UI5',
  `branch` char(32) DEFAULT 'master',
  `passed` int(4) DEFAULT NULL,
  `failed` int(4) DEFAULT NULL,
  `skipped` int(4) DEFAULT NULL,
  `assertion` int(4) DEFAULT NULL,
  `inclstmtlines` int(4) DEFAULT NULL,
  `inclstmtcover` float DEFAULT NULL,
  `allstmtlines` int(4) DEFAULT NULL,
  `allstmtcover` float DEFAULT NULL,
  `timestamp` char(14) DEFAULT NULL,
  PRIMARY KEY (`tcid`)
) ENGINE=InnoDB AUTO_INCREMENT=352 DEFAULT CHARSET=latin1;
/*!40101 SET character_set_client = @saved_cs_client */;

--
-- Dumping data for table `UT`
--

LOCK TABLES `UT` WRITE;
/*!40000 ALTER TABLE `UT` DISABLE KEYS */;
INSERT INTO `UT` VALUES (11,'sap.b1.smp.pum','UI5','master',28,4,0,38,NULL,NULL,NULL,NULL,'20180102091837'),(12,'sap.b1.smp.pum','UI5','master',28,4,0,38,NULL,NULL,NULL,NULL,'20180103121814'),(13,'sap.support.expertchat','UI5','master',244,0,0,426,NULL,NULL,NULL,NULL,'20180103121627'),(14,'sap.support.incidentform','UI5','master',287,0,0,452,NULL,NULL,NULL,NULL,'20180103121920'),(15,'sap.support.bydchat','UI5','master',68,0,0,91,NULL,NULL,NULL,NULL,'20180104011145'),(16,'sap.support.expertchat','UI5','master',244,0,0,426,NULL,NULL,NULL,NULL,'20180104011245'),(17,'sap.support.incidentform','UI5','master',290,0,0,455,NULL,NULL,NULL,NULL,'20180104090845'),(18,'sap.support.sae','UI5','master',413,0,0,755,NULL,NULL,NULL,NULL,'20180104082523'),(19,'sap.support.sbasystemdata','UI5','master',85,0,0,155,NULL,NULL,NULL,NULL,'20180104101742'),(20,'sap.support.guestuserpartner','UI5','master',80,0,0,141,NULL,NULL,NULL,NULL,'20180104093944'),(21,'sap.support.incidentform','UI5','master',290,0,0,455,NULL,NULL,NULL,NULL,'20180105094839'),(22,'sap.support.bydchat','UI5','master',68,0,0,91,NULL,NULL,NULL,NULL,'20180105090657'),(23,'sap.support.sae','UI5','master',413,0,0,747,NULL,NULL,NULL,NULL,'20180105095040'),(24,'sap.support.sbasystemdata','UI5','master',85,0,0,155,NULL,NULL,NULL,NULL,'20180105063557'),(25,'sap.support.expertchat','UI5','master',244,0,0,426,NULL,NULL,NULL,NULL,'20180105090120'),(26,'sap.support.bydchat','UI5','master',68,0,0,91,NULL,NULL,NULL,NULL,'20180106150505'),(27,'sap.support.bydchat','UI5','master',68,0,0,91,NULL,NULL,NULL,NULL,'20180107075708'),(28,'sap.support.incidentdevopsdashboard','UI5','master',26,0,0,28,NULL,NULL,NULL,NULL,'20180108053915'),(29,'sap.support.expertchat','UI5','master',244,0,0,426,NULL,NULL,NULL,NULL,'20180108075837'),(30,'sap.support.bydchat','UI5','master',69,0,0,92,NULL,NULL,NULL,NULL,'20180108074731'),(31,'sap.b1.smp.pum','UI5','master',28,4,0,38,NULL,NULL,NULL,NULL,'20180108070541'),(32,'sap.support.guestuseradmin','UI5','master',146,0,0,234,NULL,NULL,NULL,NULL,'20180108102111'),(33,'sap.support.guestuserpartner','UI5','master',80,0,0,141,NULL,NULL,NULL,NULL,'20180108075222'),(34,'sap.support.incidentform','UI5','master',290,0,0,455,NULL,NULL,NULL,NULL,'20180108091230'),(35,'sap.support.sae','UI5','master',413,0,0,747,NULL,NULL,NULL,NULL,'20180108104542'),(36,'sap.support.sbasystemdata','UI5','master',85,0,0,155,NULL,NULL,NULL,NULL,'20180108085751'),(37,'sap.support.expertchat','UI5','master',246,0,0,429,NULL,NULL,NULL,NULL,'20180109021450'),(38,'sap.support.newsystemeudp','UI5','master',21,0,0,27,NULL,NULL,NULL,NULL,'20180109020656'),(39,'sap.support.sscr','UI5','master',2,0,0,2,NULL,NULL,NULL,NULL,'20180109020951'),(40,'sap.support.mk','UI5','master',8,0,0,29,NULL,NULL,NULL,NULL,'20180109022034'),(41,'sap.support.incidentform','UI5','master',290,0,0,455,NULL,NULL,NULL,NULL,'20180109063539'),(42,'sap.b1.smp.pum','UI5','master',28,4,0,38,NULL,NULL,NULL,NULL,'20180109110043'),(43,'sap.support.sae','UI5','master',413,0,0,747,NULL,NULL,NULL,NULL,'20180109085206'),(44,'sap.support.bydchat','UI5','master',69,0,0,93,NULL,NULL,NULL,NULL,'20180109071103'),(45,'sap.support.incidentdevopsdashboard','UI5','master',26,0,0,28,NULL,NULL,NULL,NULL,'20180109075914'),(46,'sap.support.sae','UI5','master',411,0,0,743,NULL,NULL,NULL,NULL,'20180110093846'),(47,'sap.support.bydchat','UI5','master',69,0,0,93,NULL,NULL,NULL,NULL,'20180110051251'),(48,'sap.support.solutionV2','UI5','master',130,7,0,141,NULL,NULL,NULL,NULL,'20180110061529'),(49,'sap.support.incidentform','UI5','master',290,0,0,455,NULL,NULL,NULL,NULL,'20180110100749'),(50,'sap.support.nnfv2','UI5','master',78,3,0,110,NULL,NULL,NULL,NULL,'20180110065758'),(51,'sap.support.guestuseradmin','UI5','master',146,0,0,234,NULL,NULL,NULL,NULL,'20180110071308'),(52,'sap.support.incidentdevopsdashboard','UI5','master',26,0,0,28,NULL,NULL,NULL,NULL,'20180111113204'),(53,'sap.support.bydchat','UI5','master',77,0,0,102,NULL,NULL,NULL,NULL,'20180111102359'),(54,'sap.support.sae','UI5','master',411,0,0,743,NULL,NULL,NULL,NULL,'20180111085235'),(55,'sap.support.bydchat','UI5','master',76,0,0,100,NULL,NULL,NULL,NULL,'20180112070859'),(56,'sap.b1.smp.pum','UI5','master',226,0,0,544,NULL,NULL,NULL,NULL,'20180112100459'),(57,'sap.support.bydchat','UI5','master',77,0,0,101,NULL,NULL,NULL,NULL,'20180115051245'),(58,'sap.support.expertchat','UI5','master',252,0,0,442,NULL,NULL,NULL,NULL,'20180115064957'),(59,'sap.support.incidentform','UI5','master',290,0,0,455,NULL,NULL,NULL,NULL,'20180115075056'),(60,'sap.b1.smp.pum','UI5','master',226,0,0,544,NULL,NULL,NULL,NULL,'20180115101031'),(61,'sap.support.sae','UI5','master',409,0,0,740,NULL,NULL,NULL,NULL,'20180115124759'),(62,'sap.support.systemdata','UI5','master',125,0,0,252,NULL,NULL,NULL,NULL,'20180116062852'),(63,'sap.support.sae','UI5','master',409,0,0,740,NULL,NULL,NULL,NULL,'20180116093136'),(64,'sap.support.nnfv2','UI5','master',78,3,0,110,NULL,NULL,NULL,NULL,'20180116095455'),(65,'sap.support.solutionV2','UI5','master',137,0,0,141,NULL,NULL,NULL,NULL,'20180116103713'),(66,'sap.support.incidentform','UI5','master',290,0,0,455,NULL,NULL,NULL,NULL,'20180116051331'),(67,'sap.support.bydchat','UI5','master',77,0,0,101,NULL,NULL,NULL,NULL,'20180116081650'),(68,'sap.support.engineersearch','UI5','master',158,15,0,258,NULL,NULL,NULL,NULL,'20180116110353'),(69,'sap.support.solutionV2','UI5','master',137,0,0,141,NULL,NULL,NULL,NULL,'20180117023317'),(70,'sap.support.mccactivities','UI5','master',39,0,0,53,NULL,NULL,NULL,NULL,'20180117024002'),(71,'sap.support.engineersearch','UI5','master',158,15,0,258,NULL,NULL,NULL,NULL,'20180117025903'),(72,'sap.support.bydchat','UI5','master',77,0,0,101,NULL,NULL,NULL,NULL,'20180117092452'),(73,'sap.support.sae','UI5','master',416,0,0,750,NULL,NULL,NULL,NULL,'20180117103727'),(74,'sap.support.expertchat','UI5','master',252,0,0,442,NULL,NULL,NULL,NULL,'20180117140430'),(75,'sap.support.sscr','UI5','hotfix',2,0,0,2,NULL,NULL,NULL,NULL,'20180118103349'),(76,'sap.support.systemdata','UI5','master',125,0,0,252,NULL,NULL,NULL,NULL,'20180118053806'),(77,'sap.support.sae','UI5','master',416,0,0,750,NULL,NULL,NULL,NULL,'20180118090132'),(78,'sap.support.systemdata','UI5','master',125,0,0,252,NULL,NULL,NULL,NULL,'20180119024907'),(79,'sap.support.solutionV2','UI5','master',137,0,0,141,NULL,NULL,NULL,NULL,'20180119030527'),(80,'sap.support.sscr','UI5','master',2,0,0,2,NULL,NULL,NULL,NULL,'20180119090011'),(81,'sap.support.incidentdevopsdashboard','UI5','master',29,0,0,31,NULL,NULL,NULL,NULL,'20180119141951'),(82,'sap.support.mk','UI5','master',8,0,0,29,NULL,NULL,NULL,NULL,'20180119063042'),(83,'sap.support.newsystemeudp','UI5','master',21,0,0,27,NULL,NULL,NULL,NULL,'20180119071820'),(84,'sap.support.incidentdevopsdashboard','UI5','master',29,0,0,31,NULL,NULL,NULL,NULL,'20180120133552'),(85,'sap.support.sscr','UI5','master',2,0,0,2,NULL,NULL,NULL,NULL,'20180122062644'),(86,'sap.support.mk','UI5','master',8,0,0,29,NULL,NULL,NULL,NULL,'20180122062702'),(87,'sap.support.newsystemeudp','UI5','master',21,0,0,27,NULL,NULL,NULL,NULL,'20180122062707'),(88,'sap.support.sae','UI5','master',416,0,0,750,NULL,NULL,NULL,NULL,'20180122114437'),(89,'sap.support.incidentform','UI5','master',290,0,0,455,NULL,NULL,NULL,NULL,'20180122064354'),(90,'sap.support.expertchat','UI5','master',252,0,0,442,NULL,NULL,NULL,NULL,'20180122080656'),(91,'sap.support.bydchat','UI5','master',77,0,0,101,NULL,NULL,NULL,NULL,'20180122065003'),(92,'sap.support.solutionV2','UI5','master',137,0,0,141,NULL,NULL,NULL,NULL,'20180122080346'),(93,'sap.support.userprofile','UI5','master',248,0,0,272,NULL,NULL,NULL,NULL,'20180122111004'),(94,'sap.support.nnfv2','UI5','master',78,3,0,110,NULL,NULL,NULL,NULL,'20180122080129'),(95,'sap.support.sdrtool','UI5','master',32,0,0,32,NULL,NULL,NULL,NULL,'20180122093456'),(96,'sap.support.engineersearch','UI5','master',171,16,0,271,NULL,NULL,NULL,NULL,'20180122102228'),(97,'sap.support.mccactivities','UI5','master',171,0,0,195,NULL,NULL,NULL,NULL,'20180122081537'),(98,'sap.support.servicemessage','UI5','master',47,0,0,48,NULL,NULL,NULL,NULL,'20180122110651'),(99,'sap.b1.smp.pum','UI5','master',226,0,0,544,NULL,NULL,NULL,NULL,'20180122102813'),(100,'sap.support.contingentchecker','UI5','master',7,0,0,9,NULL,NULL,NULL,NULL,'20180122120422'),(101,'sap.support.contingentchecker','UI5','master',7,0,0,9,NULL,NULL,NULL,NULL,'20180123005743'),(102,'sap.b1.smp.pum','UI5','master',226,0,0,544,NULL,NULL,NULL,NULL,'20180123015305'),(103,'sap.support.sae','UI5','master',416,0,0,750,NULL,NULL,NULL,NULL,'20180123093850'),(104,'sap.support.incidentdevopsdashboard','UI5','master',29,0,0,31,NULL,NULL,NULL,NULL,'20180123092451'),(105,'sap.support.systemdata','UI5','master',125,0,0,252,NULL,NULL,NULL,NULL,'20180123101712'),(106,'sap.support.engineersearch','UI5','master',168,19,0,268,NULL,NULL,NULL,NULL,'20180123112147'),(107,'sap.support.solutionV2','UI5','master',137,0,0,141,NULL,NULL,NULL,NULL,'20180123083018'),(108,'sap.support.mccactivities','UI5','master',167,0,0,191,NULL,NULL,NULL,NULL,'20180123104609'),(109,'sap.support.incidentform','UI5','master',290,0,0,455,NULL,NULL,NULL,NULL,'20180123094756'),(110,'sap.support.guestuseradmin','UI5','master',146,0,0,234,NULL,NULL,NULL,NULL,'20180123110904'),(111,'sap.support.guestuserpartner','UI5','master',80,0,0,141,NULL,NULL,NULL,NULL,'20180123111039'),(112,'sap.support.sbasystemdata','UI5','master',85,0,0,155,NULL,NULL,NULL,NULL,'20180123111350'),(113,'sap.support.engineersearch','UI5','master',168,19,0,266,NULL,NULL,NULL,NULL,'20180124080750'),(114,'sap.support.incidentform','UI5','master',291,0,0,456,NULL,NULL,NULL,NULL,'20180124103947'),(115,'sap.support.sae','UI5','master',416,0,0,750,NULL,NULL,NULL,NULL,'20180124061500'),(116,'sap.support.secunotes','UI5','master',73,0,0,183,NULL,NULL,NULL,NULL,'20180124062219'),(117,'sap.support.mccactivities','UI5','master',175,0,0,199,NULL,NULL,NULL,NULL,'20180124075319'),(118,'sap.support.incidentdevopsdashboard','UI5','master',29,0,0,31,NULL,NULL,NULL,NULL,'20180124080624'),(119,'sap.support.sae','UI5','master',416,0,0,750,NULL,NULL,NULL,NULL,'20180125114213'),(120,'sap.support.incidentform','UI5','master',290,0,0,455,NULL,NULL,NULL,NULL,'20180125075136'),(121,'sap.support.mccactivities','UI5','master',211,0,0,256,NULL,NULL,NULL,NULL,'20180125103715'),(122,'sap.support.engineersearch','UI5','master',168,19,0,266,NULL,NULL,NULL,NULL,'20180125104752'),(123,'sap.support.systemdata','UI5','master',125,0,0,252,NULL,NULL,NULL,NULL,'20180125065514'),(124,'sap.support.expertchat','UI5','master',252,0,0,442,NULL,NULL,NULL,NULL,'20180125084356'),(125,'sap.support.systemdata','UI5','master',127,0,0,254,NULL,NULL,NULL,NULL,'20180126073024'),(126,'sap.support.engineersearch','UI5','master',168,19,0,266,NULL,NULL,NULL,NULL,'20180126101429'),(127,'sap.support.incidentform','UI5','hotfix',291,0,0,456,NULL,NULL,NULL,NULL,'20180126104957'),(128,'sap.support.mccactivities','UI5','master',211,0,0,256,NULL,NULL,NULL,NULL,'20180126063413'),(129,'sap.support.contingentchecker','UI5','master',8,2,0,12,NULL,NULL,NULL,NULL,'20180126104949'),(130,'sap.support.sae','UI5','master',416,0,0,750,NULL,NULL,NULL,NULL,'20180130034614'),(131,'sap.b1.smp.pum','UI5','master',226,0,0,544,NULL,NULL,NULL,NULL,'20180131063439'),(132,'sap.support.sae','UI5','master',416,0,0,750,NULL,NULL,NULL,NULL,'20180131085046'),(133,'sap.support.incidentform','UI5','master',290,1,0,457,NULL,NULL,NULL,NULL,'20180131102147'),(134,'sap.support.bydchat','UI5','master',77,0,0,101,NULL,NULL,NULL,NULL,'20180131071756'),(135,'sap.support.expertchat','UI5','master',252,0,0,442,NULL,NULL,NULL,NULL,'20180131071858'),(136,'sap.support.nnfv2','UI5','master',78,3,0,110,NULL,NULL,NULL,NULL,'20180131082848'),(137,'sap.support.solutionV2','UI5','master',137,0,0,141,NULL,NULL,NULL,NULL,'20180131090235'),(138,'sap.support.secunotes','UI5','master',73,0,0,181,NULL,NULL,NULL,NULL,'20180131091255'),(139,'sap.support.sae','UI5','master',416,0,0,750,NULL,NULL,NULL,NULL,'20180201065649'),(140,'sap.support.solutionV2','UI5','master',137,0,0,141,NULL,NULL,NULL,NULL,'20180201100916'),(141,'sap.support.incidentform','UI5','master',290,1,0,457,NULL,NULL,NULL,NULL,'20180201063745'),(142,'sap.support.sdrtool','UI5','master',32,0,0,32,NULL,NULL,NULL,NULL,'20180201095055'),(143,'sap.support.engineersearch','UI5','master',171,18,0,268,NULL,NULL,NULL,NULL,'20180201100416'),(144,'sap.support.secunotes','UI5','master',73,0,0,181,NULL,NULL,NULL,NULL,'20180201100431'),(145,'sap.support.servicemessage','UI5','master',47,0,0,48,NULL,NULL,NULL,NULL,'20180202094820'),(146,'sap.support.userprofile','UI5','master',248,0,0,272,NULL,NULL,NULL,NULL,'20180202014150'),(147,'sap.support.mccactivities','UI5','master',211,0,0,256,NULL,NULL,NULL,NULL,'20180202011521'),(148,'sap.support.incidentform','UI5','master',302,0,0,476,NULL,NULL,NULL,NULL,'20180202100757'),(149,'sap.support.contingentchecker','UI5','master',8,0,0,10,NULL,NULL,NULL,NULL,'20180202012347'),(150,'sap.support.sae','UI5','master',416,0,0,750,NULL,NULL,NULL,NULL,'20180202085232'),(151,'sap.support.engineersearch','UI5','master',139,58,0,276,NULL,NULL,NULL,NULL,'20180202095516'),(152,'sap.support.incidentdevopsdashboard','UI5','master',15,0,0,15,NULL,NULL,NULL,NULL,'20180202081857'),(153,'sap.support.guestuseradmin','UI5','master',146,0,0,234,NULL,NULL,NULL,NULL,'20180202060456'),(154,'sap.support.guestuserpartner','UI5','master',80,0,0,141,NULL,NULL,NULL,NULL,'20180202054356'),(155,'sap.support.bydchat','UI5','master',77,0,0,101,NULL,NULL,NULL,NULL,'20180202054630'),(156,'sap.support.mk','UI5','master',8,0,0,29,NULL,NULL,NULL,NULL,'20180202054642'),(157,'sap.support.sbasystemdata','UI5','master',85,0,0,155,NULL,NULL,NULL,NULL,'20180202093947'),(158,'sap.support.secunotes','UI5','master',73,0,0,181,NULL,NULL,NULL,NULL,'20180202065111'),(159,'sap.support.sscr','UI5','master',2,0,0,2,NULL,NULL,NULL,NULL,'20180202090120'),(160,'sap.support.newsystemeudp','UI5','master',20,1,0,27,NULL,NULL,NULL,NULL,'20180202071943'),(161,'sap.support.systemdata','UI5','master',128,0,0,255,NULL,NULL,NULL,NULL,'20180202065529'),(162,'sap.support.nnfv2','UI5','master',81,0,0,110,NULL,NULL,NULL,NULL,'20180202091632'),(163,'sap.support.solutionV2','UI5','master',137,0,0,141,NULL,NULL,NULL,NULL,'20180202070708'),(164,'sap.b1.smp.pum','UI5','master',226,0,0,544,NULL,NULL,NULL,NULL,'20180202075955'),(165,'sap.b1.smp.pum','UI5','master',226,0,0,544,NULL,NULL,NULL,NULL,'20180205012357'),(166,'sap.support.incidentform','UI5','master',294,0,0,453,NULL,NULL,NULL,NULL,'20180205104932'),(167,'sap.support.bydchat','UI5','master',77,0,0,101,NULL,NULL,NULL,NULL,'20180205051400'),(168,'sap.support.incidentdevopsdashboard','UI5','master',15,0,0,15,NULL,NULL,NULL,NULL,'20180205053930'),(169,'sap.support.servicemessage','UI5','hotfix',47,0,0,48,NULL,NULL,NULL,NULL,'20180205101241'),(170,'sap.support.secunotes','UI5','master',73,0,0,181,NULL,NULL,NULL,NULL,'20180205055640'),(171,'sap.support.mk','UI5','master',7,1,0,29,NULL,NULL,NULL,NULL,'20180205063111'),(172,'sap.support.systemdata','UI5','master',128,0,0,255,NULL,NULL,NULL,NULL,'20180205065538'),(173,'sap.support.newsystemeudp','UI5','master',20,1,0,27,NULL,NULL,NULL,NULL,'20180205071857'),(174,'sap.support.sae','UI5','master',416,0,0,750,NULL,NULL,NULL,NULL,'20180205095342'),(175,'sap.support.sscr','UI5','master',2,0,0,2,NULL,NULL,NULL,NULL,'20180205090105'),(176,'sap.support.incidentform','UI5','master',296,0,0,455,NULL,NULL,NULL,NULL,'20180206133254'),(177,'sap.support.solutionV2','UI5','master',137,0,0,141,NULL,NULL,NULL,NULL,'20180206084453'),(178,'sap.support.engineersearch','UI5','master',175,22,0,269,NULL,NULL,NULL,NULL,'20180206154847'),(179,'sap.support.mccactivities','UI5','master',211,0,0,256,NULL,NULL,NULL,NULL,'20180207020706'),(180,'sap.support.incidentform','UI5','master',306,0,0,476,NULL,NULL,NULL,NULL,'20180207130507'),(181,'sap.support.engineersearch','UI5','master',168,22,0,255,NULL,NULL,NULL,NULL,'20180207110248'),(182,'sap.support.newsystemeudp','UI5','master',20,0,0,26,NULL,NULL,NULL,NULL,'20180207074818'),(183,'sap.support.systemdata','UI5','master',133,0,0,268,NULL,NULL,NULL,NULL,'20180207092545'),(184,'sap.support.incidentform','UI5','master',306,0,0,476,NULL,NULL,NULL,NULL,'20180208105522'),(185,'sap.support.sae','UI5','master',416,0,0,750,NULL,NULL,NULL,NULL,'20180208100349'),(186,'sap.support.engineersearch','UI5','master',175,22,0,269,NULL,NULL,NULL,NULL,'20180208085822'),(187,'sap.support.systemdata','UI5','master',129,6,0,267,NULL,NULL,NULL,NULL,'20180209110401'),(188,'sap.support.incidentform','UI5','master',305,0,0,475,NULL,NULL,NULL,NULL,'20180209100137'),(189,'sap.support.engineersearch','UI5','master',175,22,0,269,NULL,NULL,NULL,NULL,'20180209085817'),(190,'sap.support.bydchat','UI5','master',77,0,0,101,NULL,NULL,NULL,NULL,'20180209055702'),(191,'sap.support.incidentdevopsdashboard','UI5','master',30,0,0,32,NULL,NULL,NULL,NULL,'20180209071843'),(192,'sap.support.servicemessage','UI5','master',47,0,0,48,NULL,NULL,NULL,NULL,'20180209054525'),(193,'sap.support.secunotes','UI5','master',73,0,0,181,NULL,NULL,NULL,NULL,'20180209055800'),(194,'sap.support.nnfv2','UI5','master',81,0,0,110,NULL,NULL,NULL,NULL,'20180209060056'),(195,'sap.support.mk','UI5','master',7,1,0,29,NULL,NULL,NULL,NULL,'20180209063032'),(196,'sap.support.mccactivities','UI5','master',211,0,0,256,NULL,NULL,NULL,NULL,'20180209072249'),(197,'sap.support.sae','UI5','master',416,0,0,750,NULL,NULL,NULL,NULL,'20180209112250'),(198,'sap.support.newsystemeudp','UI5','master',20,0,0,26,NULL,NULL,NULL,NULL,'20180209071848'),(199,'sap.support.userprofile','UI5','master',248,0,0,272,NULL,NULL,NULL,NULL,'20180209072500'),(200,'sap.support.sscr','UI5','master',2,0,0,2,NULL,NULL,NULL,NULL,'20180209090047'),(201,'sap.support.guestuseradmin','UI5','master',146,0,0,234,NULL,NULL,NULL,NULL,'20180209094233'),(202,'sap.support.sdrtool','UI5','master',32,0,0,32,NULL,NULL,NULL,NULL,'20180209094853'),(203,'sap.support.incidentdevopsdashboard','UI5','master',30,0,0,32,NULL,NULL,NULL,NULL,'20180212053945'),(204,'sap.support.engineersearch','UI5','master',197,0,0,282,NULL,NULL,NULL,NULL,'20180212094358'),(205,'sap.support.systemdata','UI5','master',129,6,0,267,NULL,NULL,NULL,NULL,'20180212065523'),(206,'sap.support.sdrtool','UI5','master',32,0,0,32,NULL,NULL,NULL,NULL,'20180212103520'),(207,'sap.support.contingentchecker','UI5','master',8,0,0,10,NULL,NULL,NULL,NULL,'20180212092520'),(208,'sap.support.nnfv2','UI5','master',81,0,0,110,NULL,NULL,NULL,NULL,'20180213021609'),(209,'sap.support.engineersearch','UI5','master',198,0,0,283,NULL,NULL,NULL,NULL,'20180213085801'),(210,'sap.support.incidentform','UI5','master',305,0,0,475,NULL,NULL,NULL,NULL,'20180213101225'),(211,'sap.support.incidentdevopsdashboard','UI5','master',30,0,0,32,NULL,NULL,NULL,NULL,'20180213053917'),(212,'sap.support.systemdata','UI5','master',130,0,0,262,NULL,NULL,NULL,NULL,'20180213065532'),(213,'sap.support.expertchat','UI5','master',252,0,0,442,NULL,NULL,NULL,NULL,'20180213101108'),(214,'sap.support.bydchat','UI5','master',77,0,0,101,NULL,NULL,NULL,NULL,'20180213100822'),(215,'sap.support.sae','UI5','master',416,0,0,750,NULL,NULL,NULL,NULL,'20180213100632'),(216,'sap.support.systemdata','UI5','master',136,0,0,271,NULL,NULL,NULL,NULL,'20180214083843'),(217,'sap.support.engineersearch','UI5','master',223,0,0,310,NULL,NULL,NULL,NULL,'20180214112132'),(218,'sap.support.incidentform','UI5','master',305,0,0,475,NULL,NULL,NULL,NULL,'20180219051128'),(219,'sap.support.bydchat','UI5','master',77,0,0,101,NULL,NULL,NULL,NULL,'20180219051335'),(220,'sap.support.incidentdevopsdashboard','UI5','master',30,0,0,32,NULL,NULL,NULL,NULL,'20180219053929'),(221,'sap.support.servicemessage','UI5','master',47,0,0,48,NULL,NULL,NULL,NULL,'20180219054542'),(222,'sap.support.secunotes','UI5','master',73,0,0,181,NULL,NULL,NULL,NULL,'20180219055609'),(223,'sap.support.nnfv2','UI5','master',81,0,0,110,NULL,NULL,NULL,NULL,'20180219060049'),(224,'sap.support.systemdata','UI5','master',136,0,0,271,NULL,NULL,NULL,NULL,'20180219065537'),(225,'sap.support.sae','UI5','master',416,0,0,750,NULL,NULL,NULL,NULL,'20180219085322'),(226,'sap.support.engineersearch','UI5','master',223,0,0,310,NULL,NULL,NULL,NULL,'20180219085809'),(227,'sap.support.expertchat','UI5','master',252,0,0,442,NULL,NULL,NULL,NULL,'20180220094526'),(228,'sap.support.expertchat','UI5','master',252,0,0,442,NULL,NULL,NULL,NULL,'20180221101049'),(229,'sap.support.systemdata','UI5','master',136,0,0,271,NULL,NULL,NULL,NULL,'20180221095000'),(230,'sap.support.systemdata','UI5','master',137,0,0,272,NULL,NULL,NULL,NULL,'20180222055327'),(231,'sap.support.expertchat','UI5','master',252,0,0,442,NULL,NULL,NULL,NULL,'20180222062315'),(232,'sap.support.newsystemeudp','UI5','master',20,0,0,26,NULL,NULL,NULL,NULL,'20180222085354'),(233,'sap.support.sscr','UI5','master',2,0,0,2,NULL,NULL,NULL,NULL,'20180222092111'),(234,'sap.support.expertchat','UI5','master',252,0,0,442,NULL,NULL,NULL,NULL,'20180223075717'),(235,'sap.support.sae','UI5','master',416,0,0,750,NULL,NULL,NULL,NULL,'20180223071034'),(236,'sap.support.incidentform','UI5','master',305,0,0,475,NULL,NULL,NULL,NULL,'20180223081724'),(237,'sap.support.bydchat','UI5','master',77,0,0,101,NULL,NULL,NULL,NULL,'20180223083108'),(238,'sap.support.engineersearch','UI5','master',223,0,0,310,NULL,NULL,NULL,NULL,'20180223103049'),(239,'sap.support.sae','UI5','master',101,0,0,152,NULL,NULL,NULL,NULL,'20180224054338'),(240,'sap.support.mk','UI5','master',7,1,0,29,NULL,NULL,NULL,NULL,'20180224054606'),(241,'sap.support.systemdata','UI5','master',137,0,0,272,NULL,NULL,NULL,NULL,'20180224054644'),(242,'sap.support.sae','UI5','master',418,0,0,753,NULL,NULL,NULL,NULL,'20180226095740'),(243,'sap.support.solutionV2','UI5','master',137,0,0,141,NULL,NULL,NULL,NULL,'20180226064931'),(244,'sap.support.engineersearch','UI5','master',223,0,0,310,NULL,NULL,NULL,NULL,'20180226070928'),(245,'sap.support.systemdata','UI5','master',137,0,0,272,NULL,NULL,NULL,NULL,'20180226080343'),(246,'sap.support.engineersearch','UI5','master',224,0,0,311,NULL,NULL,NULL,NULL,'20180227065013'),(247,'sap.support.mccactivities','UI5','master',218,0,0,265,NULL,NULL,NULL,NULL,'20180227112348'),(248,'sap.support.incidentform','UI5','master',305,0,0,475,NULL,NULL,NULL,NULL,'20180227055931'),(249,'sap.support.sae','UI5','master',419,0,0,757,NULL,NULL,NULL,NULL,'20180227103142'),(250,'sap.support.systemdata','UI5','master',137,0,0,272,NULL,NULL,NULL,NULL,'20180227092231'),(251,'sap.support.bydchat','UI5','master',77,0,0,101,NULL,NULL,NULL,NULL,'20180227132749'),(252,'sap.support.mccactivities','UI5','master',221,0,0,268,NULL,NULL,NULL,NULL,'20180228063155'),(253,'sap.support.systemdata','UI5','master',137,0,0,272,NULL,NULL,NULL,NULL,'20180228053618'),(254,'sap.support.engineersearch','UI5','master',223,0,0,310,NULL,NULL,NULL,NULL,'20180228103834'),(255,'sap.support.bydchat','UI5','master',77,0,0,101,NULL,NULL,NULL,NULL,'20180228023046'),(256,'sap.support.incidentform','UI5','master',308,0,0,481,NULL,NULL,NULL,NULL,'20180228105333'),(257,'sap.support.expertchat','UI5','master',252,0,0,442,NULL,NULL,NULL,NULL,'20180228064505'),(258,'sap.support.solutionV2','UI5','master',137,0,0,141,NULL,NULL,NULL,NULL,'20180228055445'),(259,'sap.support.sae','UI5','master',419,0,0,757,NULL,NULL,NULL,NULL,'20180228085106'),(260,'sap.support.expertchat','UI5','master',252,0,0,442,NULL,NULL,NULL,NULL,'20180301090741'),(261,'sap.support.sae','UI5','master',420,0,0,760,NULL,NULL,NULL,NULL,'20180301073342'),(262,'sap.support.mccactivities','UI5','master',222,0,0,269,NULL,NULL,NULL,NULL,'20180301092930'),(263,'sap.b1.smp.pum','UI5','master',226,0,0,544,NULL,NULL,NULL,NULL,'20180302090429'),(264,'sap.support.bydchat','UI5','master',77,0,0,101,NULL,NULL,NULL,NULL,'20180302054043'),(265,'sap.support.sae','UI5','master',419,0,0,757,NULL,NULL,NULL,NULL,'20180302064553'),(266,'sap.support.incidentform','UI5','master',308,0,0,481,NULL,NULL,NULL,NULL,'20180302054922'),(267,'sap.support.expertchat','UI5','master',252,0,0,442,NULL,NULL,NULL,NULL,'20180302090350'),(268,'sap.support.incidentdevopsdashboard','UI5','master',32,0,0,34,NULL,NULL,NULL,NULL,'20180302065624'),(269,'sap.support.systemdata','UI5','master',137,0,0,272,NULL,NULL,NULL,NULL,'20180302094915'),(270,'sap.support.secunotes','UI5','master',73,0,0,181,NULL,NULL,NULL,NULL,'20180303085631'),(271,'sap.support.incidentform','UI5','master',305,0,0,475,NULL,NULL,NULL,NULL,'20180303113846'),(272,'sap.support.incidentdevopsdashboard','UI5','master',32,0,0,34,NULL,NULL,NULL,NULL,'20180303104620'),(273,'sap.support.sae','UI5','hotfix',420,0,0,760,2278,0.68,2342,0.66,'20180305102128'),(274,'sap.support.engineersearch','UI5','master',220,0,0,297,1815,0.5,2855,0.32,'20180305100519'),(275,'sap.support.nnfv2','UI5','master',81,0,0,110,429,0.82,687,0.51,'20180305111509'),(276,'sap.support.solutionV2','UI5','master',137,0,0,141,NULL,NULL,NULL,NULL,'20180305065816'),(277,'sap.support.secunotes','UI5','master',73,0,0,181,411,0.92,263,0.89,'20180305112731'),(278,'sap.support.incidentform','UI5','master',308,0,0,481,5284,0.21,5493,0.21,'20180305093140'),(279,'sap.support.incidentdevopsdashboard','UI5','master',32,0,0,34,323,0.32,461,0.22,'20180305102528'),(280,'sap.b1.smp.pum','UI5','master',226,0,0,544,858,0.92,2819,0.28,'20180305091322'),(281,'sap.support.expertchat','UI5','master',257,0,0,449,1256,0.79,1312,0.76,'20180305093827'),(282,'sap.support.bydchat','UI5','master',77,0,0,101,308,0.84,313,0.83,'20180305100359'),(283,'sap.b1.smp.pum','UI5','master',226,0,0,544,858,0.92,2819,0.28,'20180306053250'),(284,'sap.support.incidentform','UI5','master',310,0,0,483,5292,0.21,5501,0.21,'20180306064226'),(285,'sap.support.sae','UI5','master',438,0,0,793,2277,0.7,2341,0.69,'20180306085327'),(286,'sap.support.secunotes','UI5','master',73,0,0,181,411,0.92,263,0.89,'20180306053724'),(287,'sap.support.solutionV2','UI5','master',137,0,0,141,1198,0.55,6004,0.11,'20180306070149'),(288,'sap.support.guestuseradmin','UI5','master',146,0,0,234,628,0.82,621,0.82,'20180306090533'),(289,'sap.support.guestuserpartner','UI5','master',80,0,0,141,248,0.93,265,0.86,'20180306090057'),(290,'sap.support.engineersearch','UI5','master',220,0,0,297,1824,0.5,2864,0.32,'20180306102353'),(291,'sap.support.systemdata','UI5','master',137,0,0,272,2087,0.4,2537,0.33,'20180306085621'),(292,'sap.support.sbasystemdata','UI5','master',85,0,0,155,1189,0.66,1223,0.64,'20180306085802'),(293,'sap.support.newsystemeudp','UI5','master',20,0,0,26,193,0.57,213,0.52,'20180306071134'),(294,'sap.support.sscr','UI5','master',2,0,0,2,257,0.14,1512,0.02,'20180306071212'),(295,'sap.support.mk','UI5','master',8,0,0,29,232,0.27,387,0.16,'20180306084527'),(296,'sap.support.contingentchecker','UI5','master',8,0,0,10,243,0.14,254,0.13,'20180306074242'),(297,'sap.support.mccactivities','UI5','master',222,0,0,269,1643,0.35,2495,0.23,'20180306074424'),(298,'sap.support.sdrtool','UI5','master',32,0,0,32,37,1,148,0.25,'20180306082012'),(299,'sap.support.servicemessage','UI5','master',47,0,0,48,740,0.35,1793,0.14,'20180306074552'),(300,'sap.support.userprofile','UI5','master',248,0,0,272,838,0.43,932,0.38,'20180306082217'),(301,'sap.support.engineersearch','UI5','master',225,0,0,302,1811,0.5,2855,0.32,'20180307103253'),(302,'sap.support.incidentform','UI5','master',311,0,0,484,5296,0.21,5505,0.21,'20180307024447'),(303,'sap.support.systemdata','UI5','master',119,0,0,236,2068,0.38,2533,0.31,'20180307103300'),(304,'sap.support.sae','UI5','master',438,0,0,793,2277,0.7,2341,0.69,'20180307093418'),(305,'sap.support.incidentdevopsdashboard','UI5','master',36,0,0,38,252,0.44,489,0.23,'20180307091641'),(306,'sap.support.guestuseradmin','UI5','master',146,0,0,234,628,0.82,621,0.82,'20180307103042'),(307,'sap.support.engineersearch','UI5','master',225,0,0,302,1811,0.5,2853,0.32,'20180308085826'),(308,'sap.support.mccactivities','UI5','master',222,0,0,269,1644,0.35,2496,0.23,'20180308084407'),(309,'sap.support.sae','UI5','master',438,0,0,793,2279,0.7,2343,0.69,'20180308140657'),(310,'sap.support.engineersearch','UI5','master',219,21,0,309,1826,0.49,2941,0.3,'20180309113324'),(311,'sap.support.bydchat','UI5','master',78,0,0,102,308,0.84,313,0.83,'20180309122506'),(312,'sap.support.sae','UI5','master',438,0,0,793,2279,0.7,2343,0.69,'20180309124549'),(313,'sap.support.nnfv2','UI5','master',81,0,0,110,429,0.82,687,0.51,'20180309070210'),(314,'sap.support.incidentform','UI5','master',310,0,0,483,5287,0.21,5496,0.21,'20180309141607'),(315,'sap.support.mccactivities','UI5','master',227,0,0,274,1647,0.35,2499,0.23,'20180309084144'),(316,'sap.support.expertchat','UI5','master',257,0,0,449,1256,0.79,1312,0.76,'20180309135714'),(317,'sap.support.expertchat','UI5','master',257,0,0,449,1256,0.79,1312,0.76,'20180310040839'),(318,'sap.support.bydchat','UI5','master',78,0,0,102,308,0.84,313,0.83,'20180310040548'),(319,'sap.support.incidentform','UI5','master',310,0,0,483,5287,0.21,5496,0.21,'20180310040842'),(320,'sap.support.sae','UI5','master',438,0,0,793,2279,0.7,2343,0.69,'20180310140114'),(321,'sap.support.sdrtool','UI5','master',32,0,0,32,37,1,149,0.25,'20180312025742'),(322,'sap.support.sae','UI5','master',451,0,0,812,2279,0.72,2343,0.7,'20180312050751'),(323,'sap.support.systemdata','UI5','master',119,0,0,236,2068,0.38,2533,0.31,'20180312060355'),(324,'sap.support.engineersearch','UI5','master',259,0,0,336,1907,0.52,2947,0.34,'20180312104720'),(325,'sap.support.solutionV2','UI5','master',137,0,0,141,1199,0.55,6375,0.1,'20180312091307'),(326,'sap.support.incidentdevopsdashboard','UI5','master',36,0,0,38,252,0.44,489,0.23,'20180313103805'),(327,'sap.support.solutionV2','UI5','master',137,0,0,141,1199,0.55,6377,0.1,'20180313030321'),(328,'sap.support.sae','UI5','master',451,0,0,816,2301,0.71,2365,0.69,'20180313113406'),(329,'sap.support.expertchat','UI5','master',257,0,0,449,1278,0.78,1334,0.75,'20180313114301'),(330,'sap.support.incidentform','UI5','master',310,0,0,483,5287,0.21,5496,0.21,'20180313052832'),(331,'sap.support.engineersearch','UI5','master',266,0,0,347,1924,0.52,2978,0.34,'20180313095957'),(332,'sap.support.systemdata','UI5','master',119,0,0,236,2068,0.38,2533,0.31,'20180313090356'),(333,'sap.b1.smp.pum','UI5','master',226,0,0,544,858,0.92,2819,0.28,'20180314014553'),(334,'sap.support.sae','UI5','master',451,0,0,816,2301,0.71,2365,0.69,'20180314085216'),(335,'sap.support.incidentdevopsdashboard','UI5','master',39,0,0,43,241,0.51,478,0.26,'20180314091851'),(336,'sap.support.systemdata','UI5','master',122,0,0,241,2078,0.38,2555,0.31,'20180314083837'),(337,'sap.support.engineersearch','UI5','master',283,0,0,369,1959,0.58,2957,0.38,'20180314100502'),(338,'sap.support.sdrtool','UI5','master',48,0,0,48,51,1,163,0.31,'20180314080517'),(339,'sap.support.incidentdevopsdashboard','UI5','master',33,0,0,35,274,0.36,511,0.2,'20180315102500'),(340,'sap.support.sae','UI5','master',451,0,0,816,2301,0.71,2365,0.69,'20180315113342'),(341,'sap.support.systemdata','UI5','master',121,0,0,238,2091,0.38,2562,0.31,'20180315110703'),(342,'sap.support.engineersearch','UI5','master',278,0,0,364,2030,0.56,3004,0.38,'20180315103050'),(343,'sap.support.mccactivities','UI5','master',227,0,0,274,1647,0.35,2499,0.23,'20180315084714'),(344,'sap.support.expertchat','UI5','master',257,0,0,449,1278,0.78,1334,0.75,'20180315113109'),(345,'sap.b1.smp.pum','UI5','master',226,0,0,544,858,0.92,2819,0.28,'20180315113646'),(346,'sap.support.incidentform','UI5','master',310,0,0,483,5287,0.21,5496,0.21,'20180315114603'),(347,'sap.support.engineersearch','UI5','master',270,8,0,356,2049,0.56,3013,0.38,'20180316083323'),(348,'sap.support.incidentdevopsdashboard','UI5','master',33,0,0,35,285,0.35,620,0.16,'20180316150503'),(349,'sap.support.systemdata','UI5','master',119,0,0,236,2068,0.38,2545,0.31,'20180316074625'),(350,'sap.support.sae','UI5','master',454,0,0,825,2279,0.72,2343,0.7,'20180316061654'),(351,'sap.support.incidentform','UI5','master',310,0,0,483,5287,0.21,5496,0.21,'20180316072308');
/*!40000 ALTER TABLE `UT` ENABLE KEYS */;
UNLOCK TABLES;

--
-- Table structure for table `User`
--

DROP TABLE IF EXISTS `User`;
/*!40101 SET @saved_cs_client     = @@character_set_client */;
/*!40101 SET character_set_client = utf8 */;
CREATE TABLE `User` (
  `uid` char(12) NOT NULL,
  `team` char(4) DEFAULT NULL,
  `email` char(60) DEFAULT NULL,
  `firstname` char(35) DEFAULT NULL,
  `lastname` char(35) DEFAULT NULL,
  PRIMARY KEY (`uid`)
) ENGINE=InnoDB DEFAULT CHARSET=latin1;
/*!40101 SET character_set_client = @saved_cs_client */;

--
-- Dumping data for table `User`
--

LOCK TABLES `User` WRITE;
/*!40000 ALTER TABLE `User` DISABLE KEYS */;
/*!40000 ALTER TABLE `User` ENABLE KEYS */;
UNLOCK TABLES;
/*!40103 SET TIME_ZONE=@OLD_TIME_ZONE */;

/*!40101 SET SQL_MODE=@OLD_SQL_MODE */;
/*!40014 SET FOREIGN_KEY_CHECKS=@OLD_FOREIGN_KEY_CHECKS */;
/*!40014 SET UNIQUE_CHECKS=@OLD_UNIQUE_CHECKS */;
/*!40101 SET CHARACTER_SET_CLIENT=@OLD_CHARACTER_SET_CLIENT */;
/*!40101 SET CHARACTER_SET_RESULTS=@OLD_CHARACTER_SET_RESULTS */;
/*!40101 SET COLLATION_CONNECTION=@OLD_COLLATION_CONNECTION */;
/*!40111 SET SQL_NOTES=@OLD_SQL_NOTES */;

-- Dump completed on 2018-03-17  2:54:25
