-- MySQL dump 10.13  Distrib 5.7.22, for Linux (x86_64)
--
-- Host: localhost    Database: sccd
-- ------------------------------------------------------
-- Server version	5.7.22-0ubuntu0.16.04.1

/*!40101 SET @OLD_CHARACTER_SET_CLIENT=@@CHARACTER_SET_CLIENT */;
/*!40101 SET @OLD_CHARACTER_SET_RESULTS=@@CHARACTER_SET_RESULTS */;
/*!40101 SET @OLD_COLLATION_CONNECTION=@@COLLATION_CONNECTION */;
/*!40101 SET NAMES utf8 */;
/*!40103 SET @OLD_TIME_ZONE=@@TIME_ZONE */;
/*!40103 SET TIME_ZONE='+00:00' */;
/*!40014 SET @OLD_UNIQUE_CHECKS=@@UNIQUE_CHECKS, UNIQUE_CHECKS=0 */;
/*!40014 SET @OLD_FOREIGN_KEY_CHECKS=@@FOREIGN_KEY_CHECKS, FOREIGN_KEY_CHECKS=0 */;
/*!40101 SET @OLD_SQL_MODE=@@SQL_MODE, SQL_MODE='NO_AUTO_VALUE_ON_ZERO' */;
/*!40111 SET @OLD_SQL_NOTES=@@SQL_NOTES, SQL_NOTES=0 */;

--
-- Table structure for table `IT`
--

DROP TABLE IF EXISTS `IT`;
/*!40101 SET @saved_cs_client     = @@character_set_client */;
/*!40101 SET character_set_client = utf8 */;
CREATE TABLE `IT` (
  `tcid` int(4) NOT NULL AUTO_INCREMENT,
  `pid` char(64) DEFAULT NULL,
  `type` char(3) DEFAULT 'UI5',
  `branch` char(32) DEFAULT 'master',
  `passed` int(4) DEFAULT NULL,
  `failed` int(4) DEFAULT NULL,
  `skipped` int(4) DEFAULT NULL,
  `assertion` int(4) DEFAULT NULL,
  `stmtcover` float DEFAULT NULL,
  `timestamp` char(14) DEFAULT NULL,
  PRIMARY KEY (`tcid`)
) ENGINE=InnoDB AUTO_INCREMENT=395 DEFAULT CHARSET=latin1;
/*!40101 SET character_set_client = @saved_cs_client */;

--
-- Dumping data for table `IT`
--

LOCK TABLES `IT` WRITE;
/*!40000 ALTER TABLE `IT` DISABLE KEYS */;
INSERT INTO `IT` VALUES (5,'sap.b1.smp.pum','UI5','master',19,18,1,38,NULL,'20180103121814'),(6,'sap.support.bydchat','UI5','master',11,0,0,24,NULL,'20180104011653'),(7,'sap.support.expertchat','UI5','master',19,1,0,76,NULL,'20180104012150'),(8,'sap.support.incidentform','UI5','master',60,0,0,182,NULL,'20180104091504'),(9,'sap.support.incidentform','UI5','master',60,0,0,182,NULL,'20180105095553'),(10,'sap.support.bydchat','UI5','master',11,0,0,24,NULL,'20180105091427'),(11,'sap.support.expertchat','UI5','master',19,1,0,76,NULL,'20180105090853'),(12,'sap.support.bydchat','UI5','master',11,0,0,24,NULL,'20180106143832'),(13,'sap.support.bydchat','UI5','master',11,0,0,24,NULL,'20180107080816'),(14,'sap.support.incidentdevopsdashboard','UI5','master',3,0,0,4,NULL,'20180108053915'),(15,'sap.support.expertchat','UI5','master',20,0,0,80,NULL,'20180108080308'),(16,'sap.support.guestuseradmin','UI5','master',0,5,4,6,NULL,'20180108102939'),(17,'sap.support.incidentform','UI5','master',60,0,0,182,NULL,'20180108091910'),(18,'sap.support.bydchat','UI5','master',11,0,0,24,NULL,'20180108141616'),(19,'sap.support.expertchat','UI5','master',20,0,0,80,NULL,'20180109063841'),(20,'sap.support.incidentform','UI5','transport',60,0,0,182,NULL,'20180109024509'),(21,'sap.support.incidentdevopsdashboard','UI5','master',0,3,0,3,NULL,'20180109075914'),(22,'sap.support.bydchat','UI5','master',11,0,0,24,NULL,'20180109072846'),(23,'sap.support.bydchat','UI5','master',11,0,0,24,NULL,'20180110051312'),(24,'sap.support.incidentform','UI5','master',60,0,0,182,NULL,'20180110101713'),(25,'sap.support.guestuseradmin','UI5','master',0,5,4,6,NULL,'20180110071752'),(26,'sap.support.incidentdevopsdashboard','UI5','master',3,0,0,4,NULL,'20180111113204'),(27,'sap.support.bydchat','UI5','master',11,0,0,24,NULL,'20180111051817'),(28,'sap.support.bydchat','UI5','master',11,0,0,25,NULL,'20180112100227'),(29,'sap.support.guestuseradmin','UI5','master',0,5,4,6,NULL,'20180115010451'),(30,'sap.support.bydchat','UI5','master',11,0,0,25,NULL,'20180115051300'),(31,'sap.support.sae','UI5','master',0,39,0,52,NULL,'20180116094447'),(32,'sap.support.incidentform','UI5','master',60,0,0,182,NULL,'20180116051703'),(33,'sap.support.bydchat','UI5','master',11,0,0,25,NULL,'20180116082351'),(34,'sap.support.solutionV2','UI5','master',0,2,0,4,NULL,'20180116085627'),(35,'sap.support.nnfv2','UI5','master',63,19,0,87,NULL,'20180116102350'),(36,'sap.support.solutionV2','UI5','master',0,2,0,4,NULL,'20180117023809'),(37,'sap.support.bydchat','UI5','master',11,0,0,25,NULL,'20180117084420'),(38,'sap.support.sae','UI5','master',0,39,0,52,NULL,'20180117105053'),(39,'sap.support.sae','UI5','master',0,39,0,52,NULL,'20180118090741'),(40,'sap.support.solutionV2','UI5','master',0,2,0,4,NULL,'20180119030800'),(41,'sap.support.incidentdevopsdashboard','UI5','master',3,0,0,4,NULL,'20180119141951'),(42,'sap.support.bydchat','UI5','master',11,0,0,25,NULL,'20180119062651'),(43,'sap.support.incidentdevopsdashboard','UI5','master',3,0,0,4,NULL,'20180120133552'),(44,'sap.support.expertchat','UI5','master',20,0,0,80,NULL,'20180120132131'),(45,'sap.support.sae','UI5','master',1,38,0,69,NULL,'20180122115321'),(46,'sap.support.incidentform','UI5','master',60,0,0,182,NULL,'20180122070705'),(47,'sap.support.solutionV2','UI5','master',0,2,0,4,NULL,'20180122080346'),(48,'sap.support.expertchat','UI5','master',20,0,0,80,NULL,'20180122071348'),(49,'sap.support.sae','UI5','master',1,38,0,69,NULL,'20180123095324'),(50,'sap.support.incidentdevopsdashboard','UI5','master',3,0,0,4,NULL,'20180123092451'),(51,'sap.support.solutionV2','UI5','master',0,2,0,4,NULL,'20180123083328'),(52,'sap.support.sae','UI5','master',1,38,0,69,NULL,'20180124062236'),(53,'sap.support.secunotes','UI5','master',47,9,0,162,NULL,'20180124064022'),(54,'sap.support.incidentform','UI5','master',60,0,0,182,NULL,'20180124064914'),(55,'sap.support.incidentdevopsdashboard','UI5','master',3,0,0,4,NULL,'20180124080624'),(56,'sap.support.sae','UI5','master',1,38,0,69,NULL,'20180125085741'),(57,'sap.support.incidentform','UI5','master',60,0,0,182,NULL,'20180125094407'),(58,'sap.support.expertchat','UI5','master',20,0,0,80,NULL,'20180125084836'),(59,'sap.support.sae','UI5','master',1,38,0,69,NULL,'20180126025537'),(60,'sap.support.incidentform','UI5','hotfix',60,0,0,182,NULL,'20180126063854'),(61,'sap.support.sae','UI5','master',1,38,0,54,NULL,'20180131090115'),(62,'sap.support.bydchat','UI5','master',11,0,0,25,NULL,'20180131074815'),(63,'sap.support.expertchat','UI5','master',20,0,0,80,NULL,'20180131075138'),(64,'sap.support.solutionV2','UI5','master',0,2,0,3,NULL,'20180131090701'),(65,'sap.support.secunotes','UI5','master',42,14,0,146,NULL,'20180131092212'),(66,'sap.b1.smp.pum','UI5','master',35,2,1,43,NULL,'20180201021542'),(67,'sap.support.solutionV2','UI5','master',0,2,0,3,NULL,'20180201060615'),(68,'sap.support.sae','UI5','master',1,38,0,54,NULL,'20180201070740'),(69,'sap.support.secunotes','UI5','master',44,12,0,147,NULL,'20180201101228'),(70,'sap.support.incidentform','UI5','master',60,0,0,182,NULL,'20180202064116'),(71,'sap.support.sae','UI5','master',1,38,0,54,NULL,'20180202085839'),(72,'sap.support.incidentdevopsdashboard','UI5','master',3,0,0,4,NULL,'20180202082206'),(73,'sap.support.secunotes','UI5','master',44,12,0,147,NULL,'20180202070856'),(74,'sap.support.bydchat','UI5','master',11,0,0,25,NULL,'20180202060430'),(75,'sap.support.solutionV2','UI5','master',0,2,0,3,NULL,'20180202071328'),(76,'sap.support.incidentform','UI5','master',60,0,0,182,NULL,'20180205132414'),(77,'sap.support.bydchat','UI5','master',11,0,0,25,NULL,'20180205051415'),(78,'sap.support.incidentdevopsdashboard','UI5','master',3,0,0,4,NULL,'20180205053953'),(79,'sap.support.secunotes','UI5','master',44,12,0,148,NULL,'20180205060144'),(80,'sap.support.sae','UI5','master',1,38,0,54,NULL,'20180205102508'),(81,'sap.support.incidentform','UI5','master',60,0,0,182,NULL,'20180206081658'),(82,'sap.support.solutionV2','UI5','master',0,2,0,3,NULL,'20180206084717'),(83,'sap.support.incidentform','UI5','master',59,1,0,183,NULL,'20180207121344'),(84,'sap.support.systemdata','UI5','master',0,1,0,2,NULL,'20180207092545'),(85,'sap.support.incidentform','UI5','master',59,1,0,183,NULL,'20180208104739'),(86,'sap.support.sae','UI5','master',1,38,0,54,NULL,'20180208102148'),(87,'sap.support.systemdata','UI5','master',0,3,0,4,NULL,'20180209110401'),(88,'sap.support.bydchat','UI5','master',11,0,0,25,NULL,'20180209055702'),(89,'sap.support.incidentdevopsdashboard','UI5','master',3,0,0,4,NULL,'20180209072127'),(90,'sap.support.secunotes','UI5','master',44,12,0,147,NULL,'20180209060306'),(91,'sap.support.sae','UI5','master',39,0,0,118,NULL,'20180209113233'),(92,'sap.support.incidentform','UI5','master',60,0,0,182,NULL,'20180209100137'),(93,'sap.support.incidentdevopsdashboard','UI5','master',3,0,0,4,NULL,'20180212054004'),(94,'sap.support.systemdata','UI5','master',0,3,0,4,NULL,'20180212065523'),(95,'sap.support.incidentform','UI5','master',60,0,0,182,NULL,'20180213101225'),(96,'sap.support.incidentdevopsdashboard','UI5','master',3,0,0,4,NULL,'20180213053933'),(97,'sap.support.systemdata','UI5','master',0,3,0,4,NULL,'20180213065532'),(98,'sap.support.expertchat','UI5','master',20,0,0,80,NULL,'20180213101108'),(99,'sap.support.bydchat','UI5','master',11,0,0,25,NULL,'20180213100822'),(100,'sap.support.sae','UI5','master',39,0,0,118,NULL,'20180213100632'),(101,'sap.support.systemdata','UI5','master',0,3,0,4,NULL,'20180214083843'),(102,'sap.support.incidentform','UI5','master',60,0,0,182,NULL,'20180219051128'),(103,'sap.support.bydchat','UI5','master',11,0,0,25,NULL,'20180219051335'),(104,'sap.support.incidentdevopsdashboard','UI5','master',3,0,0,4,NULL,'20180219053944'),(105,'sap.support.secunotes','UI5','master',44,12,0,147,NULL,'20180219060109'),(106,'sap.support.systemdata','UI5','master',0,3,0,4,NULL,'20180219065537'),(107,'sap.support.sae','UI5','master',39,0,0,118,NULL,'20180219085322'),(108,'sap.support.expertchat','UI5','master',20,0,0,80,NULL,'20180220094526'),(109,'sap.support.expertchat','UI5','master',20,0,0,80,NULL,'20180221101049'),(110,'sap.support.systemdata','UI5','master',0,3,0,4,NULL,'20180221095000'),(111,'sap.support.systemdata','UI5','master',0,3,0,4,NULL,'20180222055327'),(112,'sap.support.expertchat','UI5','master',20,0,0,80,NULL,'20180222060312'),(113,'sap.support.expertchat','UI5','master',20,0,0,80,NULL,'20180223080722'),(114,'sap.support.sae','UI5','master',6,33,0,78,NULL,'20180223071938'),(115,'sap.support.incidentform','UI5','master',60,0,0,182,NULL,'20180223082104'),(116,'sap.support.bydchat','UI5','master',11,0,0,25,NULL,'20180223083120'),(117,'sap.support.sae','UI5','master',6,33,0,78,NULL,'20180224055400'),(118,'sap.support.systemdata','UI5','master',0,3,0,4,NULL,'20180224054644'),(119,'sap.support.sae','UI5','master',39,0,0,118,NULL,'20180226095902'),(120,'sap.support.solutionV2','UI5','master',0,2,0,3,NULL,'20180226065235'),(121,'sap.support.systemdata','UI5','master',0,3,0,4,NULL,'20180226080343'),(122,'sap.support.incidentform','UI5','master',60,0,0,182,NULL,'20180227060318'),(123,'sap.support.sae','UI5','master',6,33,0,78,NULL,'20180227121637'),(124,'sap.support.systemdata','UI5','master',0,3,0,4,NULL,'20180227092231'),(125,'sap.support.bydchat','UI5','master',11,0,0,25,NULL,'20180227132801'),(126,'sap.support.systemdata','UI5','master',0,3,0,4,NULL,'20180228053618'),(127,'sap.support.bydchat','UI5','master',11,0,0,25,NULL,'20180228023103'),(128,'sap.support.incidentform','UI5','master',60,0,0,182,NULL,'20180228111235'),(129,'sap.support.expertchat','UI5','master',20,0,0,80,NULL,'20180228064904'),(130,'sap.support.solutionV2','UI5','master',0,2,0,3,NULL,'20180228055726'),(131,'sap.support.sae','UI5','master',39,0,0,118,NULL,'20180228085222'),(132,'sap.support.expertchat','UI5','master',20,0,0,80,NULL,'20180301093423'),(133,'sap.support.sae','UI5','master',39,0,0,118,NULL,'20180301073507'),(134,'sap.support.expertchat','UI5','master',20,0,0,80,NULL,'20180302091243'),(135,'sap.support.sae','UI5','master',39,0,0,118,NULL,'20180302064035'),(136,'sap.support.incidentdevopsdashboard','UI5','master',3,0,0,4,NULL,'20180302070819'),(137,'sap.support.systemdata','UI5','master',0,3,0,4,NULL,'20180302094915'),(138,'sap.support.incidentform','UI5','master',60,0,0,182,NULL,'20180303113846'),(139,'sap.support.incidentdevopsdashboard','UI5','master',3,0,0,4,NULL,'20180303105146'),(140,'sap.support.sae','UI5','hotfix',39,0,0,118,NULL,'20180305102225'),(141,'sap.support.solutionV2','UI5','master',0,2,0,3,NULL,'20180305065816'),(142,'sap.support.secunotes','UI5','master',44,12,0,147,NULL,'20180305112731'),(143,'sap.support.incidentform','UI5','master',60,0,0,182,NULL,'20180305093739'),(144,'sap.support.expertchat','UI5','master',20,0,0,80,NULL,'20180305094208'),(145,'sap.support.bydchat','UI5','master',11,0,0,25,NULL,'20180305100812'),(146,'sap.support.incidentdevopsdashboard','UI5','master',3,0,0,4,NULL,'20180306014104'),(147,'sap.support.incidentform','UI5','master',60,0,0,182,NULL,'20180306064541'),(148,'sap.b1.smp.pum','UI5','master',33,4,1,42,NULL,'20180306023934'),(149,'sap.support.secunotes','UI5','master',44,12,0,147,NULL,'20180306053724'),(150,'sap.support.solutionV2','UI5','master',0,2,0,3,NULL,'20180306064209'),(151,'sap.support.systemdata','UI5','master',0,3,0,4,NULL,'20180306085540'),(152,'sap.support.sae','UI5','master',39,0,0,118,NULL,'20180306085438'),(153,'sap.support.guestuseradmin','UI5','master',1,4,4,5,NULL,'20180306090619'),(154,'sap.support.incidentform','UI5','master',60,0,0,182,NULL,'20180307025154'),(155,'sap.support.systemdata','UI5','master',3,0,0,17,NULL,'20180307103241'),(156,'sap.support.sae','UI5','master',34,5,0,86,NULL,'20180307093521'),(157,'sap.support.incidentdevopsdashboard','UI5','master',3,0,0,4,NULL,'20180307091935'),(158,'sap.support.guestuseradmin','UI5','master',1,4,4,5,NULL,'20180307103100'),(159,'sap.support.sae','UI5','master',39,0,0,118,NULL,'20180308140752'),(160,'sap.support.expertchat','UI5','master',20,0,0,80,NULL,'20180309140030'),(161,'sap.support.bydchat','UI5','master',11,0,0,25,NULL,'20180309122458'),(162,'sap.support.nnfv2','UI5','master',62,20,0,85,NULL,'20180309061453'),(163,'sap.support.solutionV2','UI5','master',0,2,0,3,NULL,'20180309063721'),(164,'sap.support.sae','UI5','master',39,0,0,118,NULL,'20180309124642'),(165,'sap.support.secunotes','UI5','master',44,12,0,147,NULL,'20180309064240'),(166,'sap.support.incidentform','UI5','master',60,0,0,182,NULL,'20180309141929'),(167,'sap.support.guestuseradmin','UI5','master',1,4,4,5,NULL,'20180309090118'),(168,'sap.support.expertchat','UI5','master',20,0,0,80,NULL,'20180310041252'),(169,'sap.support.bydchat','UI5','master',11,0,0,25,NULL,'20180310040514'),(170,'sap.support.incidentform','UI5','master',60,0,0,182,NULL,'20180310041207'),(171,'sap.support.sae','UI5','master',39,0,0,118,NULL,'20180310140213'),(172,'sap.support.sae','UI5','master',39,0,0,118,NULL,'20180312050843'),(173,'sap.support.systemdata','UI5','master',4,0,0,19,NULL,'20180312060345'),(174,'sap.support.solutionV2','UI5','master',0,2,0,3,NULL,'20180312091607'),(175,'sap.support.solutionV2','UI5','master',0,2,0,3,NULL,'20180313030505'),(176,'sap.support.sae','UI5','master',6,33,0,78,NULL,'20180313114023'),(177,'sap.support.incidentdevopsdashboard','UI5','master',3,0,0,4,NULL,'20180313104233'),(178,'sap.support.expertchat','UI5','master',20,0,0,80,NULL,'20180313114650'),(179,'sap.support.incidentform','UI5','master',60,0,0,182,NULL,'20180313053156'),(180,'sap.support.systemdata','UI5','master',0,1,0,1,NULL,'20180313090324'),(181,'sap.support.sae','UI5','master',39,0,0,118,NULL,'20180314085309'),(182,'sap.support.incidentdevopsdashboard','UI5','master',3,0,0,4,NULL,'20180314092540'),(183,'sap.support.systemdata','UI5','master',2,0,0,13,NULL,'20180314083827'),(184,'sap.support.incidentdevopsdashboard','UI5','master',3,0,0,4,NULL,'20180315081813'),(185,'sap.support.sae','UI5','master',38,1,0,119,NULL,'20180315113448'),(186,'sap.support.systemdata','UI5','master',3,0,0,17,NULL,'20180315110641'),(187,'sap.support.expertchat','UI5','master',20,0,0,80,NULL,'20180315113603'),(188,'sap.support.incidentform','UI5','master',60,0,0,182,NULL,'20180315115002'),(189,'sap.support.incidentdevopsdashboard','UI5','master',3,0,0,4,NULL,'20180316123059'),(190,'sap.support.systemdata','UI5','master',2,0,0,13,NULL,'20180316074559'),(191,'sap.support.sae','UI5','master',39,0,0,118,NULL,'20180316060733'),(192,'sap.support.incidentform','UI5','master',60,0,0,182,NULL,'20180316072631'),(193,'sap.support.incidentdevopsdashboard','UI5','master',3,0,0,4,NULL,'20180317171209'),(194,'sap.support.incidentdevopsdashboard','UI5','master',3,0,0,4,NULL,'20180319105328'),(195,'sap.support.sae','UI5','transport',6,33,0,78,NULL,'20180319114311'),(196,'sap.support.systemdata','UI5','master',2,0,0,13,NULL,'20180319104611'),(197,'sap.support.incidentform','UI5','master',65,0,0,196,NULL,'20180319070945'),(198,'sap.support.incidentform','UI5','master',65,0,0,196,NULL,'20180320051143'),(199,'sap.support.incidentdevopsdashboard','UI5','master',3,0,0,4,NULL,'20180320053939'),(200,'sap.support.systemdata','UI5','master',2,0,0,13,NULL,'20180320090953'),(201,'sap.support.guestuseradmin','UI5','master',5,0,4,18,NULL,'20180320103406'),(202,'sap.support.sae','UI5','transport',39,0,0,118,NULL,'20180320102631'),(203,'sap.support.sae','UI5','master',39,0,0,118,NULL,'20180321102641'),(204,'sap.support.incidentform','UI5','master',65,0,0,196,NULL,'20180321152611'),(205,'sap.support.systemdata','UI5','master',4,0,0,27,NULL,'20180321075212'),(206,'sap.support.incidentdevopsdashboard','UI5','master',3,0,0,4,NULL,'20180321082836'),(207,'sap.support.expertchat','UI5','master',20,0,0,80,NULL,'20180321104616'),(208,'sap.support.sae','UI5','transport',39,0,0,118,NULL,'20180322104247'),(209,'sap.support.expertchat','UI5','master',20,0,0,80,NULL,'20180322025933'),(210,'sap.support.incidentform','UI5','master',60,0,0,182,NULL,'20180322160616'),(211,'sap.support.incidentdevopsdashboard','UI5','master',3,0,0,4,NULL,'20180322120608'),(212,'sap.support.solutionV2','UI5','master',0,2,0,3,NULL,'20180322093813'),(213,'sap.support.systemdata','UI5','master',4,0,0,27,NULL,'20180322065543'),(214,'sap.support.bydchat','UI5','master',11,0,0,25,NULL,'20180322125851'),(215,'sap.support.incidentform','UI5','master',64,7,0,202,NULL,'20180323091922'),(216,'sap.support.sae','UI5','master',39,0,0,118,NULL,'20180323072818'),(217,'sap.support.incidentdevopsdashboard','UI5','master',3,0,0,4,NULL,'20180323102716'),(218,'sap.support.systemdata','UI5','master',4,0,0,27,NULL,'20180323103305'),(219,'sap.support.solutionV2','UI5','master',0,2,0,3,NULL,'20180323095127'),(220,'sap.support.sae','UI5','master',39,0,0,118,NULL,'20180326102107'),(221,'sap.support.solutionV2','UI5','master',0,2,0,3,NULL,'20180326075928'),(222,'sap.support.incidentform','UI5','master',65,0,0,196,NULL,'20180326091848'),(223,'sap.support.incidentdevopsdashboard','UI5','master',3,0,0,4,NULL,'20180326123015'),(224,'sap.support.systemdata','UI5','master',3,0,2,15,NULL,'20180326094502'),(225,'sap.support.expertchat','UI5','master',20,0,0,80,NULL,'20180326080425'),(226,'sap.support.incidentform','UI5','master',65,0,0,196,NULL,'20180327100427'),(227,'sap.support.incidentdevopsdashboard','UI5','master',3,0,0,4,NULL,'20180327033136'),(228,'sap.support.sae','UI5','master',39,0,0,118,NULL,'20180327085333'),(229,'sap.support.systemdata','UI5','master',8,1,1,40,NULL,'20180327092748'),(230,'sap.support.sae','UI5','master',39,0,0,118,NULL,'20180328085316'),(231,'sap.support.incidentform','UI5','master',65,0,0,196,NULL,'20180328085152'),(232,'sap.support.systemdata','UI5','master',9,0,1,41,NULL,'20180328090543'),(233,'sap.support.solutionV2','UI5','master',0,2,0,3,NULL,'20180328025711'),(234,'sap.support.incidentdevopsdashboard','UI5','master',3,0,0,4,NULL,'20180328094445'),(235,'sap.support.incidentdevopsdashboard','UI5','master',3,0,0,4,NULL,'20180329061034'),(236,'sap.support.expertchat','UI5','master',20,0,0,80,NULL,'20180329064047'),(237,'sap.support.systemdata','UI5','master',10,0,0,61,NULL,'20180329080809'),(238,'sap.support.incidentform','UI5','master',65,0,0,196,NULL,'20180329100446'),(239,'sap.support.sae','UI5','master',39,0,0,118,NULL,'20180329085235'),(240,'sap.support.secunotes','UI5','master',44,12,0,147,NULL,'20180329115629'),(241,'sap.support.secunotes','UI5','master',44,12,0,147,NULL,'20180330012307'),(242,'sap.support.incidentdevopsdashboard','UI5','master',3,0,0,4,NULL,'20180330081610'),(243,'sap.support.sae','UI5','master',39,0,0,118,NULL,'20180330070854'),(244,'sap.support.expertchat','UI5','master',20,0,0,80,NULL,'20180330062733'),(245,'sap.support.bydchat','UI5','master',11,0,0,25,NULL,'20180330062801'),(246,'sap.support.systemdata','UI5','master',10,0,0,61,NULL,'20180330065556'),(247,'sap.support.incidentform','UI5','master',65,0,0,196,NULL,'20180330084739'),(248,'sap.support.solutionV2','UI5','master',0,2,0,3,NULL,'20180402032937'),(249,'sap.support.incidentform','UI5','master',65,0,0,196,NULL,'20180402101736'),(250,'sap.support.incidentdevopsdashboard','UI5','master',3,0,0,4,NULL,'20180402052601'),(251,'sap.support.systemdata','UI5','master',10,0,0,61,NULL,'20180402073653'),(252,'sap.support.incidentform','UI5','master',65,0,0,196,NULL,'20180403101533'),(253,'sap.support.incidentdevopsdashboard','UI5','master',3,0,0,4,NULL,'20180403084436'),(254,'sap.support.incidentdevopsdashboard','UI5','master',3,0,0,4,NULL,'20180404060426'),(255,'sap.support.solutionV2','UI5','master',0,2,0,3,NULL,'20180404045256'),(256,'sap.support.bydchat','UI5','master',11,0,0,25,NULL,'20180404070216'),(257,'sap.support.incidentform','UI5','master',65,0,0,196,NULL,'20180404091714'),(258,'sap.support.incidentdevopsdashboard','UI5','master',3,0,0,4,NULL,'20180405053921'),(259,'sap.support.bydchat','UI5','master',11,0,0,25,NULL,'20180406015603'),(260,'sap.support.incidentform','UI5','master',65,0,0,196,NULL,'20180406070311'),(261,'sap.support.secunotes','UI5','master',44,12,0,147,NULL,'20180406025316'),(262,'sap.support.sae','UI5','master',39,0,0,118,NULL,'20180406034316'),(263,'sap.b1.smp.pum','UI5','master',33,4,1,42,NULL,'20180406034802'),(264,'sap.support.engineersearch','UI5','master',2,1,0,9,NULL,'20180406055025'),(265,'sap.support.solutionV2','UI5','master',0,2,0,3,NULL,'20180406075709'),(266,'sap.support.incidentform','UI5','master',65,0,0,196,NULL,'20180408014422'),(267,'sap.support.incidentform','UI5','master',65,0,0,196,NULL,'20180409021349'),(268,'sap.support.expertchat','UI5','master',20,0,0,80,NULL,'20180409032715'),(269,'sap.support.solutionV2','UI5','master',0,2,0,3,NULL,'20180409062945'),(270,'sap.support.incidentdevopsdashboard','UI5','master',0,3,0,10,NULL,'20180409095048'),(271,'sap.support.incidentform','UI5','master',65,0,0,196,NULL,'20180410080345'),(272,'sap.support.systemdata','UI5','master',10,0,0,61,NULL,'20180410085206'),(273,'sap.support.expertchat','UI5','master',20,0,0,80,NULL,'20180411100425'),(274,'sap.support.incidentform','UI5','master',65,0,0,196,NULL,'20180411051316'),(275,'sap.support.engineersearch','UI5','master',2,1,0,9,NULL,'20180411083533'),(276,'sap.support.incidentform','UI5','master',65,0,0,196,NULL,'20180412052420'),(277,'sap.support.systemdata','UI5','master',10,0,0,61,NULL,'20180412123508'),(278,'sap.support.incidentdevopsdashboard','UI5','master',0,3,0,10,NULL,'20180413011950'),(279,'sap.support.expertchat','UI5','master',20,0,0,80,NULL,'20180413013626'),(280,'sap.support.solutionV2','UI5','master',0,2,0,3,NULL,'20180413015432'),(281,'sap.support.incidentform','UI5','master',65,0,0,196,NULL,'20180413071119'),(282,'sap.support.solutionV2','UI5','master',0,2,0,3,NULL,'20180414060046'),(283,'sap.support.incidentform','UI5','master',65,0,0,196,NULL,'20180416052150'),(284,'sap.support.incidentdevopsdashboard','UI5','master',0,3,0,10,NULL,'20180416063211'),(285,'sap.support.incidentform','UI5','master',65,0,0,196,NULL,'20180417100745'),(286,'sap.support.systemdata','UI5','master',12,0,0,67,NULL,'20180418021813'),(287,'sap.support.incidentform','UI5','master',65,0,0,196,NULL,'20180418101855'),(288,'sap.support.incidentdevopsdashboard','UI5','master',0,3,0,10,NULL,'20180418134657'),(289,'sap.support.solutionV2','UI5','master',0,2,0,3,NULL,'20180418080114'),(290,'sap.support.incidentform','UI5','master',65,0,0,196,NULL,'20180419054241'),(291,'sap.support.solutionV2','UI5','master',0,2,0,3,NULL,'20180419101301'),(292,'sap.support.incidentdevopsdashboard','UI5','master',3,0,0,4,NULL,'20180419070145'),(293,'sap.support.solutionV2','UI5','master',0,2,0,3,NULL,'20180420030436'),(294,'sap.support.systemdata','UI5','hotfix',12,0,0,67,NULL,'20180420094001'),(295,'sap.support.incidentform','UI5','master',65,0,0,196,NULL,'20180420101417'),(296,'sap.support.incidentdevopsdashboard','UI5','master',3,0,0,4,NULL,'20180423080435'),(297,'sap.support.solutionV2','UI5','master',0,2,0,3,NULL,'20180423094918'),(298,'sap.support.incidentform','UI5','master',65,0,0,196,NULL,'20180424131838'),(299,'sap.support.systemdata','UI5','master',12,0,0,67,NULL,'20180424100149'),(300,'sap.support.incidentform','UI5','master',65,0,0,196,NULL,'20180425071135'),(301,'sap.support.systemdata','UI5','master',14,0,0,71,NULL,'20180425100731'),(302,'sap.support.incidentdevopsdashboard','UI5','master',3,0,0,4,NULL,'20180426033934'),(303,'sap.support.systemdata','UI5','master',14,0,0,71,NULL,'20180426061003'),(304,'sap.support.solutionV2','UI5','master',0,2,0,3,NULL,'20180426085253'),(305,'sap.support.incidentform','UI5','master',65,0,0,196,NULL,'20180426101052'),(306,'sap.support.incidentform','UI5','master',65,0,0,196,NULL,'20180427064716'),(307,'sap.support.nnfv2','UI5','master',62,20,0,85,NULL,'20180427081132'),(308,'sap.support.systemdata','UI5','master',13,1,0,68,NULL,'20180427100824'),(309,'sap.support.solutionV2','UI5','master',0,2,0,3,NULL,'20180427083531'),(310,'sap.support.systemdata','UI5','master',14,0,0,71,NULL,'20180430055344'),(311,'sap.support.incidentform','UI5','master',65,0,0,196,NULL,'20180430100937'),(312,'sap.support.incidentdevopsdashboard','UI5','master',3,0,0,4,NULL,'20180430074953'),(313,'sap.support.incidentform','UI5','master',65,0,0,196,NULL,'20180502120137'),(314,'sap.support.incidentdevopsdashboard','UI5','master',3,0,0,4,NULL,'20180502082857'),(315,'sap.support.incidentform','UI5','master',64,1,0,197,NULL,'20180503123515'),(316,'sap.support.systemdata','UI5','master',14,0,0,71,NULL,'20180503101431'),(317,'sap.support.sae','UI5','master',6,33,0,78,NULL,'20180503090241'),(318,'sap.support.solutionV2','UI5','master',0,2,0,3,NULL,'20180503094132'),(319,'sap.support.engineersearch','UI5','master',0,5,0,8,NULL,'20180503093708'),(320,'sap.support.incidentform','UI5','master',65,0,0,196,NULL,'20180504102235'),(321,'sap.support.solutionV2','UI5','master',0,2,0,3,NULL,'20180504025139'),(322,'sap.support.systemdata','UI5','master',14,0,0,71,NULL,'20180504082854'),(323,'sap.support.engineersearch','UI5','master',0,5,0,8,NULL,'20180504062806'),(324,'sap.support.sae','UI5','master',6,33,0,78,NULL,'20180504090008'),(325,'sap.support.systemdata','UI5','master',14,0,0,71,NULL,'20180507071009'),(326,'sap.support.engineersearch','UI5','master',0,5,0,8,NULL,'20180507100933'),(327,'sap.support.incidentform','UI5','master',65,0,0,196,NULL,'20180507085827'),(328,'sap.support.solutionV2','UI5','master',0,2,0,3,NULL,'20180507070448'),(329,'sap.support.sae','UI5','master',6,33,0,78,NULL,'20180507085815'),(330,'sap.support.incidentform','UI5','master',65,0,0,196,NULL,'20180508083033'),(331,'sap.support.incidentdevopsdashboard','UI5','master',3,0,0,4,NULL,'20180508090220'),(332,'sap.support.sae','UI5','master',39,0,0,118,NULL,'20180508111101'),(333,'sap.support.nnfv2','UI5','master',61,21,0,86,NULL,'20180508090310'),(334,'sap.support.systemdata','UI5','master',14,0,0,71,NULL,'20180508102857'),(335,'sap.support.incidentform','UI5','master',65,0,0,196,NULL,'20180509071737'),(336,'sap.support.incidentdevopsdashboard','UI5','master',3,0,0,4,NULL,'20180509054439'),(337,'sap.support.engineersearch','UI5','master',0,5,0,8,NULL,'20180509102602'),(338,'sap.support.nnfv2','UI5','master',62,20,0,85,NULL,'20180509083542'),(339,'sap.support.systemdata','UI5','master',17,0,0,98,NULL,'20180509065742'),(340,'sap.support.engineersearch','UI5','master',0,5,0,8,NULL,'20180510053609'),(341,'sap.support.incidentdevopsdashboard','UI5','master',3,0,0,4,NULL,'20180510092337'),(342,'sap.support.incidentform','UI5','master',65,0,0,196,NULL,'20180510090226'),(343,'sap.support.systemdata','UI5','master',18,0,0,100,NULL,'20180510094326'),(344,'sap.support.nnfv2','UI5','master',63,19,0,85,NULL,'20180510095507'),(345,'sap.support.incidentform','UI5','master',65,0,0,196,NULL,'20180511103137'),(346,'sap.support.engineersearch','UI5','master',0,5,0,8,NULL,'20180511024348'),(347,'sap.support.systemdata','UI5','master',20,0,0,104,NULL,'20180511065822'),(348,'sap.support.incidentdevopsdashboard','UI5','master',3,0,0,4,NULL,'20180511041916'),(349,'sap.support.nnfv2','UI5','master',62,20,0,85,NULL,'20180511062053'),(350,'sap.support.sae','UI5','master',39,0,0,118,NULL,'20180511085258'),(351,'sap.support.incidentdevopsdashboard','UI5','master',3,0,0,4,NULL,'20180514054406'),(352,'sap.support.engineersearch','UI5','master',0,5,0,8,NULL,'20180514090810'),(353,'sap.support.systemdata','UI5','master',21,0,0,106,NULL,'20180514095555'),(354,'sap.support.expertchat','UI5','master',20,0,0,80,NULL,'20180514073836'),(355,'sap.support.incidentform','UI5','master',65,0,0,196,NULL,'20180514091431'),(356,'sap.support.sae','UI5','master',39,0,0,118,NULL,'20180514091753'),(357,'sap.support.incidentform','UI5','master',65,0,0,196,NULL,'20180515013642'),(358,'sap.support.bydchat','UI5','master',11,0,0,25,NULL,'20180515011041'),(359,'sap.support.sae','UI5','master',39,0,0,118,NULL,'20180515014109'),(360,'sap.support.newsystemeudp','UI5','master',1,0,0,4,NULL,'20180515053833'),(361,'sap.support.engineersearch','UI5','master',0,5,0,8,NULL,'20180515062636'),(362,'sap.support.systemdata','UI5','master',21,0,0,106,NULL,'20180515065809'),(363,'sap.support.incidentform','UI5','transport',65,0,0,196,NULL,'20180516100948'),(364,'sap.support.incidentdevopsdashboard','UI5','master',3,0,0,4,NULL,'20180516100216'),(365,'sap.support.engineersearch','UI5','master',0,5,0,8,NULL,'20180516100250'),(366,'sap.support.secunotes','UI5','master',44,12,0,147,NULL,'20180516100904'),(367,'sap.support.nnfv2','UI5','master',63,19,0,85,NULL,'20180516103636'),(368,'sap.support.userprofile','UI5','master',22,16,0,49,NULL,'20180517023953'),(369,'sap.support.incidentdevopsdashboard','UI5','master',3,0,0,4,NULL,'20180517104754'),(370,'sap.support.sae','UI5','master',39,0,0,118,NULL,'20180517071937'),(371,'sap.support.incidentform','UI5','transport',65,0,0,196,NULL,'20180517082232'),(372,'sap.support.incidentform','UI5','transport',65,0,0,196,NULL,'20180518095006'),(373,'sap.support.userprofile','UI5','master',22,16,0,49,NULL,'20180518080858'),(374,'sap.support.sae','UI5','master',39,0,0,118,NULL,'20180518085251'),(375,'sap.support.newsystemeudp','UI5','master',1,0,0,4,NULL,'20180518095936'),(376,'sap.support.systemdata','UI5','master',22,0,0,108,NULL,'20180521092405'),(377,'sap.support.incidentform','UI5','transport',65,0,0,196,NULL,'20180521101837'),(378,'sap.support.engineersearch','UI5','master',0,5,0,8,NULL,'20180522023204'),(379,'sap.support.systemdata','UI5','master',27,0,0,113,NULL,'20180522101507'),(380,'sap.support.incidentform','UI5','transport',65,0,0,196,NULL,'20180522062408'),(381,'sap.support.sae','UI5','master',39,0,0,118,NULL,'20180523025234'),(382,'sap.support.incidentform','UI5','transport',65,0,0,196,NULL,'20180523092929'),(383,'sap.support.systemdata','UI5','master',24,0,0,109,NULL,'20180523101128'),(384,'sap.support.incidentdevopsdashboard','UI5','master',3,0,0,4,NULL,'20180524115719'),(385,'sap.support.incidentdevopsdashboard','UI5','master',3,0,0,4,NULL,'20180525054025'),(386,'sap.support.systemdata','UI5','master',24,0,0,109,NULL,'20180525072143'),(387,'sap.support.expertchat','UI5','master',20,0,0,80,NULL,'20180525095422'),(388,'sap.support.incidentdevopsdashboard','UI5','master',3,0,0,4,NULL,'20180526074341'),(389,'sap.support.engineersearch','UI5','master',2,3,0,11,NULL,'20180526081941'),(390,'sap.support.incidentform','UI5','master',65,0,0,196,NULL,'20180526171044'),(391,'sap.support.incidentform','UI5','transport',65,0,0,196,NULL,'20180527061547'),(392,'sap.support.sae','UI5','master',39,0,0,118,NULL,'20180527062214'),(393,'sap.support.engineersearch','UI5','master',2,3,0,11,NULL,'20180528074851'),(394,'sap.support.systemdata','UI5','hotfix',11,1,0,64,NULL,'20180528082129');
/*!40000 ALTER TABLE `IT` ENABLE KEYS */;
UNLOCK TABLES;

--
-- Table structure for table `Job`
--

DROP TABLE IF EXISTS `Job`;
/*!40101 SET @saved_cs_client     = @@character_set_client */;
/*!40101 SET character_set_client = utf8 */;
CREATE TABLE `Job` (
  `pid` char(64) NOT NULL,
  `ptype` char(3) NOT NULL,
  `ttype` char(2) NOT NULL,
  `name` char(64) DEFAULT NULL,
  `lastbuild` char(7) DEFAULT NULL,
  PRIMARY KEY (`pid`,`ptype`,`ttype`)
) ENGINE=InnoDB DEFAULT CHARSET=latin1;
/*!40101 SET character_set_client = @saved_cs_client */;

--
-- Dumping data for table `Job`
--

LOCK TABLES `Job` WRITE;
/*!40000 ALTER TABLE `Job` DISABLE KEYS */;
/*!40000 ALTER TABLE `Job` ENABLE KEYS */;
UNLOCK TABLES;

--
-- Table structure for table `Project`
--

DROP TABLE IF EXISTS `Project`;
/*!40101 SET @saved_cs_client     = @@character_set_client */;
/*!40101 SET character_set_client = utf8 */;
CREATE TABLE `Project` (
  `pid` char(64) NOT NULL,
  `type` char(3) DEFAULT 'UI5',
  `name` char(128) DEFAULT NULL,
  `description` varchar(512) DEFAULT NULL,
  `contact` char(12) DEFAULT NULL,
  `team` char(4) DEFAULT NULL,
  PRIMARY KEY (`pid`)
) ENGINE=InnoDB DEFAULT CHARSET=latin1;
/*!40101 SET character_set_client = @saved_cs_client */;

--
-- Dumping data for table `Project`
--

LOCK TABLES `Project` WRITE;
/*!40000 ALTER TABLE `Project` DISABLE KEYS */;
INSERT INTO `Project` VALUES ('sap.abap.bydchat','ABA','bydchat',NULL,NULL,NULL),('sap.abap.clover','ABA','clover',NULL,NULL,NULL),('sap.abap.cssng','ABA','cssng',NULL,NULL,NULL),('sap.abap.ibase_bcd','ABA','ibase_bcd',NULL,NULL,NULL),('sap.abap.ibase_i7d','ABA','ibase_i7d',NULL,NULL,NULL),('sap.abap.incidentform','ABA','incidentform',NULL,NULL,NULL),('sap.abap.lmdb','ABA','lmdb',NULL,NULL,NULL),('sap.abap.provi_cam','ABA','provi_cam',NULL,NULL,NULL),('sap.abap.sae','ABA','sae',NULL,NULL,NULL),('sap.abap.search','ABA','search',NULL,NULL,NULL),('sap.abap.spu_bcd','ABA','spu_bcd',NULL,NULL,NULL),('sap.abap.spu_i7d','ABA','spu_i7d',NULL,NULL,NULL),('sap.abap.sysoverview','ABA','sysoverview',NULL,NULL,NULL),('sap.abap.systemdataeudp','ABA','systemdataeudp',NULL,NULL,NULL),('sap.abap.systemdataupt','ABA','systemdataupt',NULL,NULL,NULL),('sap.abap.user','ABA','user',NULL,NULL,NULL),('sap.b1.smp.pum','UI5','B1 Partner User Management',NULL,NULL,'tea1'),('sap.support.bydchat','UI5','ByD Chat',NULL,NULL,'tea1'),('sap.support.chatdashboard','UI5','Chat Dashboard',NULL,NULL,'tea2'),('sap.support.contingentchecker','UI5','Contingent Checker',NULL,NULL,'cteg'),('sap.support.engineersearch','UI5','Engineer Search',NULL,NULL,'note'),('sap.support.expertchat','UI5','Expert Chat','',NULL,'tea1'),('sap.support.guestuseradmin','UI5','Guest User Admin',NULL,NULL,'sysd'),('sap.support.guestuserpartner','UI5','Guest User Partner',NULL,NULL,'sysd'),('sap.support.incidentdevopsdashboard','UI5','Incident Dev-Ops Dashboard',NULL,NULL,'tea2'),('sap.support.incidentform','UI5','Incident Form',NULL,NULL,'tea1'),('sap.support.mccactivities','UI5','MCC Activities',NULL,NULL,'cteg'),('sap.support.mk','UI5','Migration Key',NULL,NULL,'sysd'),('sap.support.newsystemeudp','UI5','System Data EUDP',NULL,NULL,'sysd'),('sap.support.nnfv2','UI5','New Note Framework',NULL,NULL,'note'),('sap.support.sae','UI5','Schedule an Expert',NULL,NULL,'tea1'),('sap.support.sbasystemdata','UI5','System Data Smart Business App',NULL,NULL,'sysd'),('sap.support.sdrtool','UI5','SDR Tool',NULL,NULL,'cteg'),('sap.support.secunotes','UI5','Security Notes',NULL,NULL,'note'),('sap.support.servicemessage','UI5','Service Message',NULL,NULL,'cteg'),('sap.support.solutionV2','UI5','Note Search',NULL,NULL,'note'),('sap.support.sscr','UI5','Software Change Registration',NULL,NULL,'sysd'),('sap.support.systemdata','UI5','System Data',NULL,NULL,'sysd'),('sap.support.userprofile','UI5','User Profile',NULL,NULL,'cteg');
/*!40000 ALTER TABLE `Project` ENABLE KEYS */;
UNLOCK TABLES;

--
-- Table structure for table `Team`
--

DROP TABLE IF EXISTS `Team`;
/*!40101 SET @saved_cs_client     = @@character_set_client */;
/*!40101 SET character_set_client = utf8 */;
CREATE TABLE `Team` (
  `tid` char(4) NOT NULL,
  `name` char(32) DEFAULT NULL,
  `contact` char(12) DEFAULT NULL,
  PRIMARY KEY (`tid`)
) ENGINE=InnoDB DEFAULT CHARSET=latin1;
/*!40101 SET character_set_client = @saved_cs_client */;

--
-- Dumping data for table `Team`
--

LOCK TABLES `Team` WRITE;
/*!40000 ALTER TABLE `Team` DISABLE KEYS */;
INSERT INTO `Team` VALUES ('cteg','Customer Engagement','I034868'),('note','Note','I068097'),('sysd','System Data','I035709'),('tea1','Customer Incident Agency','I059157'),('tea2','CSSNG BCD','I059157');
/*!40000 ALTER TABLE `Team` ENABLE KEYS */;
UNLOCK TABLES;

--
-- Table structure for table `UT`
--

DROP TABLE IF EXISTS `UT`;
/*!40101 SET @saved_cs_client     = @@character_set_client */;
/*!40101 SET character_set_client = utf8 */;
CREATE TABLE `UT` (
  `tcid` int(4) NOT NULL AUTO_INCREMENT,
  `pid` char(64) DEFAULT NULL,
  `type` char(3) DEFAULT 'UI5',
  `branch` char(32) DEFAULT 'master',
  `passed` int(4) DEFAULT NULL,
  `failed` int(4) DEFAULT NULL,
  `skipped` int(4) DEFAULT NULL,
  `assertion` int(4) DEFAULT NULL,
  `inclstmtlines` int(4) DEFAULT NULL,
  `inclstmtcover` float DEFAULT NULL,
  `allstmtlines` int(4) DEFAULT NULL,
  `allstmtcover` float DEFAULT NULL,
  `timestamp` char(14) DEFAULT NULL,
  PRIMARY KEY (`tcid`)
) ENGINE=InnoDB AUTO_INCREMENT=924 DEFAULT CHARSET=latin1;
/*!40101 SET character_set_client = @saved_cs_client */;

--
-- Dumping data for table `UT`
--

LOCK TABLES `UT` WRITE;
/*!40000 ALTER TABLE `UT` DISABLE KEYS */;
INSERT INTO `UT` VALUES (11,'sap.b1.smp.pum','UI5','master',28,4,0,38,NULL,NULL,NULL,NULL,'20180102091837'),(12,'sap.b1.smp.pum','UI5','master',28,4,0,38,NULL,NULL,NULL,NULL,'20180103121814'),(13,'sap.support.expertchat','UI5','master',244,0,0,426,NULL,NULL,NULL,NULL,'20180103121627'),(14,'sap.support.incidentform','UI5','master',287,0,0,452,NULL,NULL,NULL,NULL,'20180103121920'),(15,'sap.support.bydchat','UI5','master',68,0,0,91,NULL,NULL,NULL,NULL,'20180104011145'),(16,'sap.support.expertchat','UI5','master',244,0,0,426,NULL,NULL,NULL,NULL,'20180104011245'),(17,'sap.support.incidentform','UI5','master',290,0,0,455,NULL,NULL,NULL,NULL,'20180104090845'),(18,'sap.support.sae','UI5','master',413,0,0,755,NULL,NULL,NULL,NULL,'20180104082523'),(19,'sap.support.sbasystemdata','UI5','master',85,0,0,155,NULL,NULL,NULL,NULL,'20180104101742'),(20,'sap.support.guestuserpartner','UI5','master',80,0,0,141,NULL,NULL,NULL,NULL,'20180104093944'),(21,'sap.support.incidentform','UI5','master',290,0,0,455,NULL,NULL,NULL,NULL,'20180105094839'),(22,'sap.support.bydchat','UI5','master',68,0,0,91,NULL,NULL,NULL,NULL,'20180105090657'),(23,'sap.support.sae','UI5','master',413,0,0,747,NULL,NULL,NULL,NULL,'20180105095040'),(24,'sap.support.sbasystemdata','UI5','master',85,0,0,155,NULL,NULL,NULL,NULL,'20180105063557'),(25,'sap.support.expertchat','UI5','master',244,0,0,426,NULL,NULL,NULL,NULL,'20180105090120'),(26,'sap.support.bydchat','UI5','master',68,0,0,91,NULL,NULL,NULL,NULL,'20180106150505'),(27,'sap.support.bydchat','UI5','master',68,0,0,91,NULL,NULL,NULL,NULL,'20180107075708'),(28,'sap.support.incidentdevopsdashboard','UI5','master',26,0,0,28,NULL,NULL,NULL,NULL,'20180108053915'),(29,'sap.support.expertchat','UI5','master',244,0,0,426,NULL,NULL,NULL,NULL,'20180108075837'),(30,'sap.support.bydchat','UI5','master',69,0,0,92,NULL,NULL,NULL,NULL,'20180108074731'),(31,'sap.b1.smp.pum','UI5','master',28,4,0,38,NULL,NULL,NULL,NULL,'20180108070541'),(32,'sap.support.guestuseradmin','UI5','master',146,0,0,234,NULL,NULL,NULL,NULL,'20180108102111'),(33,'sap.support.guestuserpartner','UI5','master',80,0,0,141,NULL,NULL,NULL,NULL,'20180108075222'),(34,'sap.support.incidentform','UI5','master',290,0,0,455,NULL,NULL,NULL,NULL,'20180108091230'),(35,'sap.support.sae','UI5','master',413,0,0,747,NULL,NULL,NULL,NULL,'20180108104542'),(36,'sap.support.sbasystemdata','UI5','master',85,0,0,155,NULL,NULL,NULL,NULL,'20180108085751'),(37,'sap.support.expertchat','UI5','master',246,0,0,429,NULL,NULL,NULL,NULL,'20180109021450'),(38,'sap.support.newsystemeudp','UI5','master',21,0,0,27,NULL,NULL,NULL,NULL,'20180109020656'),(39,'sap.support.sscr','UI5','master',2,0,0,2,NULL,NULL,NULL,NULL,'20180109020951'),(40,'sap.support.mk','UI5','master',8,0,0,29,NULL,NULL,NULL,NULL,'20180109022034'),(41,'sap.support.incidentform','UI5','master',290,0,0,455,NULL,NULL,NULL,NULL,'20180109063539'),(42,'sap.b1.smp.pum','UI5','master',28,4,0,38,NULL,NULL,NULL,NULL,'20180109110043'),(43,'sap.support.sae','UI5','master',413,0,0,747,NULL,NULL,NULL,NULL,'20180109085206'),(44,'sap.support.bydchat','UI5','master',69,0,0,93,NULL,NULL,NULL,NULL,'20180109071103'),(45,'sap.support.incidentdevopsdashboard','UI5','master',26,0,0,28,NULL,NULL,NULL,NULL,'20180109075914'),(46,'sap.support.sae','UI5','master',411,0,0,743,NULL,NULL,NULL,NULL,'20180110093846'),(47,'sap.support.bydchat','UI5','master',69,0,0,93,NULL,NULL,NULL,NULL,'20180110051251'),(48,'sap.support.solutionV2','UI5','master',130,7,0,141,NULL,NULL,NULL,NULL,'20180110061529'),(49,'sap.support.incidentform','UI5','master',290,0,0,455,NULL,NULL,NULL,NULL,'20180110100749'),(50,'sap.support.nnfv2','UI5','master',78,3,0,110,NULL,NULL,NULL,NULL,'20180110065758'),(51,'sap.support.guestuseradmin','UI5','master',146,0,0,234,NULL,NULL,NULL,NULL,'20180110071308'),(52,'sap.support.incidentdevopsdashboard','UI5','master',26,0,0,28,NULL,NULL,NULL,NULL,'20180111113204'),(53,'sap.support.bydchat','UI5','master',77,0,0,102,NULL,NULL,NULL,NULL,'20180111102359'),(54,'sap.support.sae','UI5','master',411,0,0,743,NULL,NULL,NULL,NULL,'20180111085235'),(55,'sap.support.bydchat','UI5','master',76,0,0,100,NULL,NULL,NULL,NULL,'20180112070859'),(56,'sap.b1.smp.pum','UI5','master',226,0,0,544,NULL,NULL,NULL,NULL,'20180112100459'),(57,'sap.support.bydchat','UI5','master',77,0,0,101,NULL,NULL,NULL,NULL,'20180115051245'),(58,'sap.support.expertchat','UI5','master',252,0,0,442,NULL,NULL,NULL,NULL,'20180115064957'),(59,'sap.support.incidentform','UI5','master',290,0,0,455,NULL,NULL,NULL,NULL,'20180115075056'),(60,'sap.b1.smp.pum','UI5','master',226,0,0,544,NULL,NULL,NULL,NULL,'20180115101031'),(61,'sap.support.sae','UI5','master',409,0,0,740,NULL,NULL,NULL,NULL,'20180115124759'),(62,'sap.support.systemdata','UI5','master',125,0,0,252,NULL,NULL,NULL,NULL,'20180116062852'),(63,'sap.support.sae','UI5','master',409,0,0,740,NULL,NULL,NULL,NULL,'20180116093136'),(64,'sap.support.nnfv2','UI5','master',78,3,0,110,NULL,NULL,NULL,NULL,'20180116095455'),(65,'sap.support.solutionV2','UI5','master',137,0,0,141,NULL,NULL,NULL,NULL,'20180116103713'),(66,'sap.support.incidentform','UI5','master',290,0,0,455,NULL,NULL,NULL,NULL,'20180116051331'),(67,'sap.support.bydchat','UI5','master',77,0,0,101,NULL,NULL,NULL,NULL,'20180116081650'),(68,'sap.support.engineersearch','UI5','master',158,15,0,258,NULL,NULL,NULL,NULL,'20180116110353'),(69,'sap.support.solutionV2','UI5','master',137,0,0,141,NULL,NULL,NULL,NULL,'20180117023317'),(70,'sap.support.mccactivities','UI5','master',39,0,0,53,NULL,NULL,NULL,NULL,'20180117024002'),(71,'sap.support.engineersearch','UI5','master',158,15,0,258,NULL,NULL,NULL,NULL,'20180117025903'),(72,'sap.support.bydchat','UI5','master',77,0,0,101,NULL,NULL,NULL,NULL,'20180117092452'),(73,'sap.support.sae','UI5','master',416,0,0,750,NULL,NULL,NULL,NULL,'20180117103727'),(74,'sap.support.expertchat','UI5','master',252,0,0,442,NULL,NULL,NULL,NULL,'20180117140430'),(75,'sap.support.sscr','UI5','hotfix',2,0,0,2,NULL,NULL,NULL,NULL,'20180118103349'),(76,'sap.support.systemdata','UI5','master',125,0,0,252,NULL,NULL,NULL,NULL,'20180118053806'),(77,'sap.support.sae','UI5','master',416,0,0,750,NULL,NULL,NULL,NULL,'20180118090132'),(78,'sap.support.systemdata','UI5','master',125,0,0,252,NULL,NULL,NULL,NULL,'20180119024907'),(79,'sap.support.solutionV2','UI5','master',137,0,0,141,NULL,NULL,NULL,NULL,'20180119030527'),(80,'sap.support.sscr','UI5','master',2,0,0,2,NULL,NULL,NULL,NULL,'20180119090011'),(81,'sap.support.incidentdevopsdashboard','UI5','master',29,0,0,31,NULL,NULL,NULL,NULL,'20180119141951'),(82,'sap.support.mk','UI5','master',8,0,0,29,NULL,NULL,NULL,NULL,'20180119063042'),(83,'sap.support.newsystemeudp','UI5','master',21,0,0,27,NULL,NULL,NULL,NULL,'20180119071820'),(84,'sap.support.incidentdevopsdashboard','UI5','master',29,0,0,31,NULL,NULL,NULL,NULL,'20180120133552'),(85,'sap.support.sscr','UI5','master',2,0,0,2,NULL,NULL,NULL,NULL,'20180122062644'),(86,'sap.support.mk','UI5','master',8,0,0,29,NULL,NULL,NULL,NULL,'20180122062702'),(87,'sap.support.newsystemeudp','UI5','master',21,0,0,27,NULL,NULL,NULL,NULL,'20180122062707'),(88,'sap.support.sae','UI5','master',416,0,0,750,NULL,NULL,NULL,NULL,'20180122114437'),(89,'sap.support.incidentform','UI5','master',290,0,0,455,NULL,NULL,NULL,NULL,'20180122064354'),(90,'sap.support.expertchat','UI5','master',252,0,0,442,NULL,NULL,NULL,NULL,'20180122080656'),(91,'sap.support.bydchat','UI5','master',77,0,0,101,NULL,NULL,NULL,NULL,'20180122065003'),(92,'sap.support.solutionV2','UI5','master',137,0,0,141,NULL,NULL,NULL,NULL,'20180122080346'),(93,'sap.support.userprofile','UI5','master',248,0,0,272,NULL,NULL,NULL,NULL,'20180122111004'),(94,'sap.support.nnfv2','UI5','master',78,3,0,110,NULL,NULL,NULL,NULL,'20180122080129'),(95,'sap.support.sdrtool','UI5','master',32,0,0,32,NULL,NULL,NULL,NULL,'20180122093456'),(96,'sap.support.engineersearch','UI5','master',171,16,0,271,NULL,NULL,NULL,NULL,'20180122102228'),(97,'sap.support.mccactivities','UI5','master',171,0,0,195,NULL,NULL,NULL,NULL,'20180122081537'),(98,'sap.support.servicemessage','UI5','master',47,0,0,48,NULL,NULL,NULL,NULL,'20180122110651'),(99,'sap.b1.smp.pum','UI5','master',226,0,0,544,NULL,NULL,NULL,NULL,'20180122102813'),(100,'sap.support.contingentchecker','UI5','master',7,0,0,9,NULL,NULL,NULL,NULL,'20180122120422'),(101,'sap.support.contingentchecker','UI5','master',7,0,0,9,NULL,NULL,NULL,NULL,'20180123005743'),(102,'sap.b1.smp.pum','UI5','master',226,0,0,544,NULL,NULL,NULL,NULL,'20180123015305'),(103,'sap.support.sae','UI5','master',416,0,0,750,NULL,NULL,NULL,NULL,'20180123093850'),(104,'sap.support.incidentdevopsdashboard','UI5','master',29,0,0,31,NULL,NULL,NULL,NULL,'20180123092451'),(105,'sap.support.systemdata','UI5','master',125,0,0,252,NULL,NULL,NULL,NULL,'20180123101712'),(106,'sap.support.engineersearch','UI5','master',168,19,0,268,NULL,NULL,NULL,NULL,'20180123112147'),(107,'sap.support.solutionV2','UI5','master',137,0,0,141,NULL,NULL,NULL,NULL,'20180123083018'),(108,'sap.support.mccactivities','UI5','master',167,0,0,191,NULL,NULL,NULL,NULL,'20180123104609'),(109,'sap.support.incidentform','UI5','master',290,0,0,455,NULL,NULL,NULL,NULL,'20180123094756'),(110,'sap.support.guestuseradmin','UI5','master',146,0,0,234,NULL,NULL,NULL,NULL,'20180123110904'),(111,'sap.support.guestuserpartner','UI5','master',80,0,0,141,NULL,NULL,NULL,NULL,'20180123111039'),(112,'sap.support.sbasystemdata','UI5','master',85,0,0,155,NULL,NULL,NULL,NULL,'20180123111350'),(113,'sap.support.engineersearch','UI5','master',168,19,0,266,NULL,NULL,NULL,NULL,'20180124080750'),(114,'sap.support.incidentform','UI5','master',291,0,0,456,NULL,NULL,NULL,NULL,'20180124103947'),(115,'sap.support.sae','UI5','master',416,0,0,750,NULL,NULL,NULL,NULL,'20180124061500'),(116,'sap.support.secunotes','UI5','master',73,0,0,183,NULL,NULL,NULL,NULL,'20180124062219'),(117,'sap.support.mccactivities','UI5','master',175,0,0,199,NULL,NULL,NULL,NULL,'20180124075319'),(118,'sap.support.incidentdevopsdashboard','UI5','master',29,0,0,31,NULL,NULL,NULL,NULL,'20180124080624'),(119,'sap.support.sae','UI5','master',416,0,0,750,NULL,NULL,NULL,NULL,'20180125114213'),(120,'sap.support.incidentform','UI5','master',290,0,0,455,NULL,NULL,NULL,NULL,'20180125075136'),(121,'sap.support.mccactivities','UI5','master',211,0,0,256,NULL,NULL,NULL,NULL,'20180125103715'),(122,'sap.support.engineersearch','UI5','master',168,19,0,266,NULL,NULL,NULL,NULL,'20180125104752'),(123,'sap.support.systemdata','UI5','master',125,0,0,252,NULL,NULL,NULL,NULL,'20180125065514'),(124,'sap.support.expertchat','UI5','master',252,0,0,442,NULL,NULL,NULL,NULL,'20180125084356'),(125,'sap.support.systemdata','UI5','master',127,0,0,254,NULL,NULL,NULL,NULL,'20180126073024'),(126,'sap.support.engineersearch','UI5','master',168,19,0,266,NULL,NULL,NULL,NULL,'20180126101429'),(127,'sap.support.incidentform','UI5','hotfix',291,0,0,456,NULL,NULL,NULL,NULL,'20180126104957'),(128,'sap.support.mccactivities','UI5','master',211,0,0,256,NULL,NULL,NULL,NULL,'20180126063413'),(129,'sap.support.contingentchecker','UI5','master',8,2,0,12,NULL,NULL,NULL,NULL,'20180126104949'),(130,'sap.support.sae','UI5','master',416,0,0,750,NULL,NULL,NULL,NULL,'20180130034614'),(131,'sap.b1.smp.pum','UI5','master',226,0,0,544,NULL,NULL,NULL,NULL,'20180131063439'),(132,'sap.support.sae','UI5','master',416,0,0,750,NULL,NULL,NULL,NULL,'20180131085046'),(133,'sap.support.incidentform','UI5','master',290,1,0,457,NULL,NULL,NULL,NULL,'20180131102147'),(134,'sap.support.bydchat','UI5','master',77,0,0,101,NULL,NULL,NULL,NULL,'20180131071756'),(135,'sap.support.expertchat','UI5','master',252,0,0,442,NULL,NULL,NULL,NULL,'20180131071858'),(136,'sap.support.nnfv2','UI5','master',78,3,0,110,NULL,NULL,NULL,NULL,'20180131082848'),(137,'sap.support.solutionV2','UI5','master',137,0,0,141,NULL,NULL,NULL,NULL,'20180131090235'),(138,'sap.support.secunotes','UI5','master',73,0,0,181,NULL,NULL,NULL,NULL,'20180131091255'),(139,'sap.support.sae','UI5','master',416,0,0,750,NULL,NULL,NULL,NULL,'20180201065649'),(140,'sap.support.solutionV2','UI5','master',137,0,0,141,NULL,NULL,NULL,NULL,'20180201100916'),(141,'sap.support.incidentform','UI5','master',290,1,0,457,NULL,NULL,NULL,NULL,'20180201063745'),(142,'sap.support.sdrtool','UI5','master',32,0,0,32,NULL,NULL,NULL,NULL,'20180201095055'),(143,'sap.support.engineersearch','UI5','master',171,18,0,268,NULL,NULL,NULL,NULL,'20180201100416'),(144,'sap.support.secunotes','UI5','master',73,0,0,181,NULL,NULL,NULL,NULL,'20180201100431'),(145,'sap.support.servicemessage','UI5','master',47,0,0,48,NULL,NULL,NULL,NULL,'20180202094820'),(146,'sap.support.userprofile','UI5','master',248,0,0,272,NULL,NULL,NULL,NULL,'20180202014150'),(147,'sap.support.mccactivities','UI5','master',211,0,0,256,NULL,NULL,NULL,NULL,'20180202011521'),(148,'sap.support.incidentform','UI5','master',302,0,0,476,NULL,NULL,NULL,NULL,'20180202100757'),(149,'sap.support.contingentchecker','UI5','master',8,0,0,10,NULL,NULL,NULL,NULL,'20180202012347'),(150,'sap.support.sae','UI5','master',416,0,0,750,NULL,NULL,NULL,NULL,'20180202085232'),(151,'sap.support.engineersearch','UI5','master',139,58,0,276,NULL,NULL,NULL,NULL,'20180202095516'),(152,'sap.support.incidentdevopsdashboard','UI5','master',15,0,0,15,NULL,NULL,NULL,NULL,'20180202081857'),(153,'sap.support.guestuseradmin','UI5','master',146,0,0,234,NULL,NULL,NULL,NULL,'20180202060456'),(154,'sap.support.guestuserpartner','UI5','master',80,0,0,141,NULL,NULL,NULL,NULL,'20180202054356'),(155,'sap.support.bydchat','UI5','master',77,0,0,101,NULL,NULL,NULL,NULL,'20180202054630'),(156,'sap.support.mk','UI5','master',8,0,0,29,NULL,NULL,NULL,NULL,'20180202054642'),(157,'sap.support.sbasystemdata','UI5','master',85,0,0,155,NULL,NULL,NULL,NULL,'20180202093947'),(158,'sap.support.secunotes','UI5','master',73,0,0,181,NULL,NULL,NULL,NULL,'20180202065111'),(159,'sap.support.sscr','UI5','master',2,0,0,2,NULL,NULL,NULL,NULL,'20180202090120'),(160,'sap.support.newsystemeudp','UI5','master',20,1,0,27,NULL,NULL,NULL,NULL,'20180202071943'),(161,'sap.support.systemdata','UI5','master',128,0,0,255,NULL,NULL,NULL,NULL,'20180202065529'),(162,'sap.support.nnfv2','UI5','master',81,0,0,110,NULL,NULL,NULL,NULL,'20180202091632'),(163,'sap.support.solutionV2','UI5','master',137,0,0,141,NULL,NULL,NULL,NULL,'20180202070708'),(164,'sap.b1.smp.pum','UI5','master',226,0,0,544,NULL,NULL,NULL,NULL,'20180202075955'),(165,'sap.b1.smp.pum','UI5','master',226,0,0,544,NULL,NULL,NULL,NULL,'20180205012357'),(166,'sap.support.incidentform','UI5','master',294,0,0,453,NULL,NULL,NULL,NULL,'20180205104932'),(167,'sap.support.bydchat','UI5','master',77,0,0,101,NULL,NULL,NULL,NULL,'20180205051400'),(168,'sap.support.incidentdevopsdashboard','UI5','master',15,0,0,15,NULL,NULL,NULL,NULL,'20180205053930'),(169,'sap.support.servicemessage','UI5','hotfix',47,0,0,48,NULL,NULL,NULL,NULL,'20180205101241'),(170,'sap.support.secunotes','UI5','master',73,0,0,181,NULL,NULL,NULL,NULL,'20180205055640'),(171,'sap.support.mk','UI5','master',7,1,0,29,NULL,NULL,NULL,NULL,'20180205063111'),(172,'sap.support.systemdata','UI5','master',128,0,0,255,NULL,NULL,NULL,NULL,'20180205065538'),(173,'sap.support.newsystemeudp','UI5','master',20,1,0,27,NULL,NULL,NULL,NULL,'20180205071857'),(174,'sap.support.sae','UI5','master',416,0,0,750,NULL,NULL,NULL,NULL,'20180205095342'),(175,'sap.support.sscr','UI5','master',2,0,0,2,NULL,NULL,NULL,NULL,'20180205090105'),(176,'sap.support.incidentform','UI5','master',296,0,0,455,NULL,NULL,NULL,NULL,'20180206133254'),(177,'sap.support.solutionV2','UI5','master',137,0,0,141,NULL,NULL,NULL,NULL,'20180206084453'),(178,'sap.support.engineersearch','UI5','master',175,22,0,269,NULL,NULL,NULL,NULL,'20180206154847'),(179,'sap.support.mccactivities','UI5','master',211,0,0,256,NULL,NULL,NULL,NULL,'20180207020706'),(180,'sap.support.incidentform','UI5','master',306,0,0,476,NULL,NULL,NULL,NULL,'20180207130507'),(181,'sap.support.engineersearch','UI5','master',168,22,0,255,NULL,NULL,NULL,NULL,'20180207110248'),(182,'sap.support.newsystemeudp','UI5','master',20,0,0,26,NULL,NULL,NULL,NULL,'20180207074818'),(183,'sap.support.systemdata','UI5','master',133,0,0,268,NULL,NULL,NULL,NULL,'20180207092545'),(184,'sap.support.incidentform','UI5','master',306,0,0,476,NULL,NULL,NULL,NULL,'20180208105522'),(185,'sap.support.sae','UI5','master',416,0,0,750,NULL,NULL,NULL,NULL,'20180208100349'),(186,'sap.support.engineersearch','UI5','master',175,22,0,269,NULL,NULL,NULL,NULL,'20180208085822'),(187,'sap.support.systemdata','UI5','master',129,6,0,267,NULL,NULL,NULL,NULL,'20180209110401'),(188,'sap.support.incidentform','UI5','master',305,0,0,475,NULL,NULL,NULL,NULL,'20180209100137'),(189,'sap.support.engineersearch','UI5','master',175,22,0,269,NULL,NULL,NULL,NULL,'20180209085817'),(190,'sap.support.bydchat','UI5','master',77,0,0,101,NULL,NULL,NULL,NULL,'20180209055702'),(191,'sap.support.incidentdevopsdashboard','UI5','master',30,0,0,32,NULL,NULL,NULL,NULL,'20180209071843'),(192,'sap.support.servicemessage','UI5','master',47,0,0,48,NULL,NULL,NULL,NULL,'20180209054525'),(193,'sap.support.secunotes','UI5','master',73,0,0,181,NULL,NULL,NULL,NULL,'20180209055800'),(194,'sap.support.nnfv2','UI5','master',81,0,0,110,NULL,NULL,NULL,NULL,'20180209060056'),(195,'sap.support.mk','UI5','master',7,1,0,29,NULL,NULL,NULL,NULL,'20180209063032'),(196,'sap.support.mccactivities','UI5','master',211,0,0,256,NULL,NULL,NULL,NULL,'20180209072249'),(197,'sap.support.sae','UI5','master',416,0,0,750,NULL,NULL,NULL,NULL,'20180209112250'),(198,'sap.support.newsystemeudp','UI5','master',20,0,0,26,NULL,NULL,NULL,NULL,'20180209071848'),(199,'sap.support.userprofile','UI5','master',248,0,0,272,NULL,NULL,NULL,NULL,'20180209072500'),(200,'sap.support.sscr','UI5','master',2,0,0,2,NULL,NULL,NULL,NULL,'20180209090047'),(201,'sap.support.guestuseradmin','UI5','master',146,0,0,234,NULL,NULL,NULL,NULL,'20180209094233'),(202,'sap.support.sdrtool','UI5','master',32,0,0,32,NULL,NULL,NULL,NULL,'20180209094853'),(203,'sap.support.incidentdevopsdashboard','UI5','master',30,0,0,32,NULL,NULL,NULL,NULL,'20180212053945'),(204,'sap.support.engineersearch','UI5','master',197,0,0,282,NULL,NULL,NULL,NULL,'20180212094358'),(205,'sap.support.systemdata','UI5','master',129,6,0,267,NULL,NULL,NULL,NULL,'20180212065523'),(206,'sap.support.sdrtool','UI5','master',32,0,0,32,NULL,NULL,NULL,NULL,'20180212103520'),(207,'sap.support.contingentchecker','UI5','master',8,0,0,10,NULL,NULL,NULL,NULL,'20180212092520'),(208,'sap.support.nnfv2','UI5','master',81,0,0,110,NULL,NULL,NULL,NULL,'20180213021609'),(209,'sap.support.engineersearch','UI5','master',198,0,0,283,NULL,NULL,NULL,NULL,'20180213085801'),(210,'sap.support.incidentform','UI5','master',305,0,0,475,NULL,NULL,NULL,NULL,'20180213101225'),(211,'sap.support.incidentdevopsdashboard','UI5','master',30,0,0,32,NULL,NULL,NULL,NULL,'20180213053917'),(212,'sap.support.systemdata','UI5','master',130,0,0,262,NULL,NULL,NULL,NULL,'20180213065532'),(213,'sap.support.expertchat','UI5','master',252,0,0,442,NULL,NULL,NULL,NULL,'20180213101108'),(214,'sap.support.bydchat','UI5','master',77,0,0,101,NULL,NULL,NULL,NULL,'20180213100822'),(215,'sap.support.sae','UI5','master',416,0,0,750,NULL,NULL,NULL,NULL,'20180213100632'),(216,'sap.support.systemdata','UI5','master',136,0,0,271,NULL,NULL,NULL,NULL,'20180214083843'),(217,'sap.support.engineersearch','UI5','master',223,0,0,310,NULL,NULL,NULL,NULL,'20180214112132'),(218,'sap.support.incidentform','UI5','master',305,0,0,475,NULL,NULL,NULL,NULL,'20180219051128'),(219,'sap.support.bydchat','UI5','master',77,0,0,101,NULL,NULL,NULL,NULL,'20180219051335'),(220,'sap.support.incidentdevopsdashboard','UI5','master',30,0,0,32,NULL,NULL,NULL,NULL,'20180219053929'),(221,'sap.support.servicemessage','UI5','master',47,0,0,48,NULL,NULL,NULL,NULL,'20180219054542'),(222,'sap.support.secunotes','UI5','master',73,0,0,181,NULL,NULL,NULL,NULL,'20180219055609'),(223,'sap.support.nnfv2','UI5','master',81,0,0,110,NULL,NULL,NULL,NULL,'20180219060049'),(224,'sap.support.systemdata','UI5','master',136,0,0,271,NULL,NULL,NULL,NULL,'20180219065537'),(225,'sap.support.sae','UI5','master',416,0,0,750,NULL,NULL,NULL,NULL,'20180219085322'),(226,'sap.support.engineersearch','UI5','master',223,0,0,310,NULL,NULL,NULL,NULL,'20180219085809'),(227,'sap.support.expertchat','UI5','master',252,0,0,442,NULL,NULL,NULL,NULL,'20180220094526'),(228,'sap.support.expertchat','UI5','master',252,0,0,442,NULL,NULL,NULL,NULL,'20180221101049'),(229,'sap.support.systemdata','UI5','master',136,0,0,271,NULL,NULL,NULL,NULL,'20180221095000'),(230,'sap.support.systemdata','UI5','master',137,0,0,272,NULL,NULL,NULL,NULL,'20180222055327'),(231,'sap.support.expertchat','UI5','master',252,0,0,442,NULL,NULL,NULL,NULL,'20180222062315'),(232,'sap.support.newsystemeudp','UI5','master',20,0,0,26,NULL,NULL,NULL,NULL,'20180222085354'),(233,'sap.support.sscr','UI5','master',2,0,0,2,NULL,NULL,NULL,NULL,'20180222092111'),(234,'sap.support.expertchat','UI5','master',252,0,0,442,NULL,NULL,NULL,NULL,'20180223075717'),(235,'sap.support.sae','UI5','master',416,0,0,750,NULL,NULL,NULL,NULL,'20180223071034'),(236,'sap.support.incidentform','UI5','master',305,0,0,475,NULL,NULL,NULL,NULL,'20180223081724'),(237,'sap.support.bydchat','UI5','master',77,0,0,101,NULL,NULL,NULL,NULL,'20180223083108'),(238,'sap.support.engineersearch','UI5','master',223,0,0,310,NULL,NULL,NULL,NULL,'20180223103049'),(240,'sap.support.mk','UI5','master',7,1,0,29,NULL,NULL,NULL,NULL,'20180224054606'),(241,'sap.support.systemdata','UI5','master',137,0,0,272,NULL,NULL,NULL,NULL,'20180224054644'),(242,'sap.support.sae','UI5','master',418,0,0,753,NULL,NULL,NULL,NULL,'20180226095740'),(243,'sap.support.solutionV2','UI5','master',137,0,0,141,NULL,NULL,NULL,NULL,'20180226064931'),(244,'sap.support.engineersearch','UI5','master',223,0,0,310,NULL,NULL,NULL,NULL,'20180226070928'),(245,'sap.support.systemdata','UI5','master',137,0,0,272,NULL,NULL,NULL,NULL,'20180226080343'),(246,'sap.support.engineersearch','UI5','master',224,0,0,311,NULL,NULL,NULL,NULL,'20180227065013'),(247,'sap.support.mccactivities','UI5','master',218,0,0,265,NULL,NULL,NULL,NULL,'20180227112348'),(248,'sap.support.incidentform','UI5','master',305,0,0,475,NULL,NULL,NULL,NULL,'20180227055931'),(249,'sap.support.sae','UI5','master',419,0,0,757,NULL,NULL,NULL,NULL,'20180227103142'),(250,'sap.support.systemdata','UI5','master',137,0,0,272,NULL,NULL,NULL,NULL,'20180227092231'),(251,'sap.support.bydchat','UI5','master',77,0,0,101,NULL,NULL,NULL,NULL,'20180227132749'),(252,'sap.support.mccactivities','UI5','master',221,0,0,268,NULL,NULL,NULL,NULL,'20180228063155'),(253,'sap.support.systemdata','UI5','master',137,0,0,272,NULL,NULL,NULL,NULL,'20180228053618'),(254,'sap.support.engineersearch','UI5','master',223,0,0,310,NULL,NULL,NULL,NULL,'20180228103834'),(255,'sap.support.bydchat','UI5','master',77,0,0,101,NULL,NULL,NULL,NULL,'20180228023046'),(256,'sap.support.incidentform','UI5','master',308,0,0,481,NULL,NULL,NULL,NULL,'20180228105333'),(257,'sap.support.expertchat','UI5','master',252,0,0,442,NULL,NULL,NULL,NULL,'20180228064505'),(258,'sap.support.solutionV2','UI5','master',137,0,0,141,NULL,NULL,NULL,NULL,'20180228055445'),(259,'sap.support.sae','UI5','master',419,0,0,757,NULL,NULL,NULL,NULL,'20180228085106'),(260,'sap.support.expertchat','UI5','master',252,0,0,442,NULL,NULL,NULL,NULL,'20180301090741'),(261,'sap.support.sae','UI5','master',420,0,0,760,NULL,NULL,NULL,NULL,'20180301073342'),(262,'sap.support.mccactivities','UI5','master',222,0,0,269,NULL,NULL,NULL,NULL,'20180301092930'),(263,'sap.b1.smp.pum','UI5','master',226,0,0,544,NULL,NULL,NULL,NULL,'20180302090429'),(264,'sap.support.bydchat','UI5','master',77,0,0,101,NULL,NULL,NULL,NULL,'20180302054043'),(265,'sap.support.sae','UI5','master',419,0,0,757,NULL,NULL,NULL,NULL,'20180302064553'),(266,'sap.support.incidentform','UI5','master',308,0,0,481,NULL,NULL,NULL,NULL,'20180302054922'),(267,'sap.support.expertchat','UI5','master',252,0,0,442,NULL,NULL,NULL,NULL,'20180302090350'),(268,'sap.support.incidentdevopsdashboard','UI5','master',32,0,0,34,NULL,NULL,NULL,NULL,'20180302065624'),(269,'sap.support.systemdata','UI5','master',137,0,0,272,NULL,NULL,NULL,NULL,'20180302094915'),(270,'sap.support.secunotes','UI5','master',73,0,0,181,NULL,NULL,NULL,NULL,'20180303085631'),(271,'sap.support.incidentform','UI5','master',305,0,0,475,NULL,NULL,NULL,NULL,'20180303113846'),(272,'sap.support.incidentdevopsdashboard','UI5','master',32,0,0,34,NULL,NULL,NULL,NULL,'20180303104620'),(273,'sap.support.sae','UI5','hotfix',420,0,0,760,2278,0.68,2342,0.66,'20180305102128'),(274,'sap.support.engineersearch','UI5','master',220,0,0,297,1815,0.5,2855,0.32,'20180305100519'),(275,'sap.support.nnfv2','UI5','master',81,0,0,110,429,0.82,687,0.51,'20180305111509'),(276,'sap.support.solutionV2','UI5','master',137,0,0,141,NULL,NULL,NULL,NULL,'20180305065816'),(277,'sap.support.secunotes','UI5','master',73,0,0,181,263,0.89,411,0.92,'20180305112731'),(278,'sap.support.incidentform','UI5','master',308,0,0,481,5284,0.21,5493,0.21,'20180305093140'),(279,'sap.support.incidentdevopsdashboard','UI5','master',32,0,0,34,323,0.32,461,0.22,'20180305102528'),(280,'sap.b1.smp.pum','UI5','master',226,0,0,544,858,0.92,2819,0.28,'20180305091322'),(281,'sap.support.expertchat','UI5','master',257,0,0,449,1256,0.79,1312,0.76,'20180305093827'),(282,'sap.support.bydchat','UI5','master',77,0,0,101,308,0.84,313,0.83,'20180305100359'),(283,'sap.b1.smp.pum','UI5','master',226,0,0,544,858,0.92,2819,0.28,'20180306053250'),(284,'sap.support.incidentform','UI5','master',310,0,0,483,5292,0.21,5501,0.21,'20180306064226'),(285,'sap.support.sae','UI5','master',438,0,0,793,2277,0.7,2341,0.69,'20180306085327'),(286,'sap.support.secunotes','UI5','master',73,0,0,181,263,0.89,411,0.92,'20180306053724'),(287,'sap.support.solutionV2','UI5','master',137,0,0,141,1198,0.55,6004,0.11,'20180306070149'),(288,'sap.support.guestuseradmin','UI5','master',146,0,0,234,628,0.82,621,0.82,'20180306090533'),(289,'sap.support.guestuserpartner','UI5','master',80,0,0,141,248,0.93,265,0.86,'20180306090057'),(290,'sap.support.engineersearch','UI5','master',220,0,0,297,1824,0.5,2864,0.32,'20180306102353'),(291,'sap.support.systemdata','UI5','master',137,0,0,272,2087,0.4,2537,0.33,'20180306085621'),(292,'sap.support.sbasystemdata','UI5','master',85,0,0,155,1189,0.66,1223,0.64,'20180306085802'),(293,'sap.support.newsystemeudp','UI5','master',20,0,0,26,193,0.57,213,0.52,'20180306071134'),(294,'sap.support.sscr','UI5','master',2,0,0,2,257,0.14,1512,0.02,'20180306071212'),(295,'sap.support.mk','UI5','master',8,0,0,29,232,0.27,387,0.16,'20180306084527'),(296,'sap.support.contingentchecker','UI5','master',8,0,0,10,243,0.14,254,0.13,'20180306074242'),(297,'sap.support.mccactivities','UI5','master',222,0,0,269,1643,0.35,2495,0.23,'20180306074424'),(298,'sap.support.sdrtool','UI5','master',32,0,0,32,37,1,148,0.25,'20180306082012'),(299,'sap.support.servicemessage','UI5','master',47,0,0,48,740,0.35,1793,0.14,'20180306074552'),(300,'sap.support.userprofile','UI5','master',248,0,0,272,838,0.43,932,0.38,'20180306082217'),(301,'sap.support.engineersearch','UI5','master',225,0,0,302,1811,0.5,2855,0.32,'20180307103253'),(302,'sap.support.incidentform','UI5','master',311,0,0,484,5296,0.21,5505,0.21,'20180307024447'),(303,'sap.support.systemdata','UI5','master',119,0,0,236,2068,0.38,2533,0.31,'20180307103300'),(304,'sap.support.sae','UI5','master',438,0,0,793,2277,0.7,2341,0.69,'20180307093418'),(305,'sap.support.incidentdevopsdashboard','UI5','master',36,0,0,38,252,0.44,489,0.23,'20180307091641'),(306,'sap.support.guestuseradmin','UI5','master',146,0,0,234,628,0.82,621,0.82,'20180307103042'),(307,'sap.support.engineersearch','UI5','master',225,0,0,302,1811,0.5,2853,0.32,'20180308085826'),(308,'sap.support.mccactivities','UI5','master',222,0,0,269,1644,0.35,2496,0.23,'20180308084407'),(309,'sap.support.sae','UI5','master',438,0,0,793,2279,0.7,2343,0.69,'20180308140657'),(310,'sap.support.engineersearch','UI5','master',219,21,0,309,1826,0.49,2941,0.3,'20180309113324'),(311,'sap.support.bydchat','UI5','master',78,0,0,102,308,0.84,313,0.83,'20180309122506'),(312,'sap.support.sae','UI5','master',438,0,0,793,2279,0.7,2343,0.69,'20180309124549'),(313,'sap.support.nnfv2','UI5','master',81,0,0,110,429,0.82,687,0.51,'20180309070210'),(314,'sap.support.incidentform','UI5','master',310,0,0,483,5287,0.21,5496,0.21,'20180309141607'),(315,'sap.support.mccactivities','UI5','master',227,0,0,274,1647,0.35,2499,0.23,'20180309084144'),(316,'sap.support.expertchat','UI5','master',257,0,0,449,1256,0.79,1312,0.76,'20180309135714'),(317,'sap.support.expertchat','UI5','master',257,0,0,449,1256,0.79,1312,0.76,'20180310040839'),(318,'sap.support.bydchat','UI5','master',78,0,0,102,308,0.84,313,0.83,'20180310040548'),(319,'sap.support.incidentform','UI5','master',310,0,0,483,5287,0.21,5496,0.21,'20180310040842'),(320,'sap.support.sae','UI5','master',438,0,0,793,2279,0.7,2343,0.69,'20180310140114'),(321,'sap.support.sdrtool','UI5','master',32,0,0,32,37,1,149,0.25,'20180312025742'),(322,'sap.support.sae','UI5','master',451,0,0,812,2279,0.72,2343,0.7,'20180312050751'),(323,'sap.support.systemdata','UI5','master',119,0,0,236,2068,0.38,2533,0.31,'20180312060355'),(324,'sap.support.engineersearch','UI5','master',259,0,0,336,1907,0.52,2947,0.34,'20180312104720'),(325,'sap.support.solutionV2','UI5','master',137,0,0,141,1199,0.55,6375,0.1,'20180312091307'),(326,'sap.support.incidentdevopsdashboard','UI5','master',36,0,0,38,252,0.44,489,0.23,'20180313103805'),(327,'sap.support.solutionV2','UI5','master',137,0,0,141,1199,0.55,6377,0.1,'20180313030321'),(328,'sap.support.sae','UI5','master',451,0,0,816,2301,0.71,2365,0.69,'20180313113406'),(329,'sap.support.expertchat','UI5','master',257,0,0,449,1278,0.78,1334,0.75,'20180313114301'),(330,'sap.support.incidentform','UI5','master',310,0,0,483,5287,0.21,5496,0.21,'20180313052832'),(331,'sap.support.engineersearch','UI5','master',266,0,0,347,1924,0.52,2978,0.34,'20180313095957'),(332,'sap.support.systemdata','UI5','master',119,0,0,236,2068,0.38,2533,0.31,'20180313090356'),(333,'sap.b1.smp.pum','UI5','master',226,0,0,544,858,0.92,2819,0.28,'20180314014553'),(334,'sap.support.sae','UI5','master',451,0,0,816,2301,0.71,2365,0.69,'20180314085216'),(335,'sap.support.incidentdevopsdashboard','UI5','master',39,0,0,43,241,0.51,478,0.26,'20180314091851'),(336,'sap.support.systemdata','UI5','master',122,0,0,241,2078,0.38,2555,0.31,'20180314083837'),(337,'sap.support.engineersearch','UI5','master',283,0,0,369,1959,0.58,2957,0.38,'20180314100502'),(338,'sap.support.sdrtool','UI5','master',48,0,0,48,51,1,163,0.31,'20180314080517'),(339,'sap.support.incidentdevopsdashboard','UI5','master',33,0,0,35,274,0.36,511,0.2,'20180315102500'),(340,'sap.support.sae','UI5','master',451,0,0,816,2301,0.71,2365,0.69,'20180315113342'),(341,'sap.support.systemdata','UI5','master',121,0,0,238,2091,0.38,2562,0.31,'20180315110703'),(342,'sap.support.engineersearch','UI5','master',278,0,0,364,2030,0.56,3004,0.38,'20180315103050'),(343,'sap.support.mccactivities','UI5','master',227,0,0,274,1647,0.35,2499,0.23,'20180315084714'),(344,'sap.support.expertchat','UI5','master',257,0,0,449,1278,0.78,1334,0.75,'20180315113109'),(345,'sap.b1.smp.pum','UI5','master',226,0,0,544,858,0.92,2819,0.28,'20180315113646'),(346,'sap.support.incidentform','UI5','master',310,0,0,483,5287,0.21,5496,0.21,'20180315114603'),(347,'sap.support.engineersearch','UI5','master',270,8,0,356,2049,0.56,3013,0.38,'20180316083323'),(348,'sap.support.incidentdevopsdashboard','UI5','master',33,0,0,35,285,0.35,620,0.16,'20180316150503'),(349,'sap.support.systemdata','UI5','master',119,0,0,236,2068,0.38,2545,0.31,'20180316074625'),(350,'sap.support.sae','UI5','master',454,0,0,825,2279,0.72,2343,0.7,'20180316061654'),(351,'sap.support.incidentform','UI5','master',310,0,0,483,5287,0.21,5496,0.21,'20180316072308'),(352,'sap.support.incidentdevopsdashboard','UI5','master',33,0,0,35,285,0.35,642,0.16,'20180317170920'),(353,'sap.support.incidentdevopsdashboard','UI5','master',33,0,0,35,285,0.35,642,0.16,'20180319103835'),(354,'sap.support.sae','UI5','transport',427,0,0,777,2409,0.65,2473,0.63,'20180319113701'),(355,'sap.support.systemdata','UI5','master',128,0,0,246,2116,0.39,32910,0.02,'20180319104630'),(356,'sap.support.incidentform','UI5','master',310,0,0,483,5287,0.21,5496,0.21,'20180319070618'),(357,'sap.support.engineersearch','UI5','master',276,0,0,362,2051,0.56,3036,0.38,'20180319095624'),(358,'sap.support.incidentdevopsdashboard','UI5','master',33,0,0,35,285,0.35,642,0.16,'20180320053938'),(359,'sap.support.engineersearch','UI5','master',298,0,0,390,2056,0.6,3041,0.4,'20180320095352'),(360,'sap.support.incidentform','UI5','master',310,0,0,483,5287,0.21,5496,0.21,'20180320050809'),(361,'sap.support.systemdata','UI5','master',126,0,0,241,2137,0.38,32931,0.02,'20180320081557'),(362,'sap.support.guestuseradmin','UI5','master',146,0,0,234,628,0.82,610,0.84,'20180320103412'),(363,'sap.b1.smp.pum','UI5','master',226,0,0,544,858,0.92,2819,0.28,'20180320084754'),(364,'sap.support.sae','UI5','transport',427,0,0,777,2412,0.65,2476,0.63,'20180320102529'),(365,'sap.b1.smp.pum','UI5','master',226,0,0,544,858,0.92,2819,0.28,'20180321084616'),(366,'sap.support.incidentdevopsdashboard','UI5','master',38,0,0,40,285,0.39,642,0.17,'20180321082452'),(367,'sap.support.sae','UI5','master',467,0,0,848,2301,0.73,2365,0.71,'20180321102600'),(368,'sap.support.incidentform','UI5','master',312,0,0,485,5363,0.22,5572,0.21,'20180321152245'),(369,'sap.support.servicemessage','UI5','hotfix',47,0,0,48,740,0.35,1793,0.14,'20180321071804'),(370,'sap.support.engineersearch','UI5','master',334,0,0,455,2199,0.65,3000,0.48,'20180321105115'),(371,'sap.support.systemdata','UI5','master',132,0,0,250,2120,0.39,2617,0.31,'20180321075214'),(372,'sap.support.sbasystemdata','UI5','master',85,0,0,155,1189,0.66,1223,0.64,'20180321084955'),(373,'sap.support.expertchat','UI5','master',257,0,0,449,1278,0.78,1334,0.75,'20180321104239'),(374,'sap.support.engineersearch','UI5','master',373,0,0,499,2201,0.69,3002,0.51,'20180322085836'),(375,'sap.support.sae','UI5','transport',478,0,0,847,2426,0.71,2490,0.69,'20180322104216'),(376,'sap.support.expertchat','UI5','master',257,0,0,449,1278,0.78,1334,0.75,'20180322025558'),(377,'sap.support.incidentform','UI5','master',310,2,0,485,5367,0.21,5576,0.21,'20180322161154'),(378,'sap.support.incidentdevopsdashboard','UI5','master',40,0,0,46,504,0.51,535,0.48,'20180322120318'),(379,'sap.support.solutionV2','UI5','master',137,0,0,141,1199,0.55,6397,0.1,'20180322093645'),(380,'sap.support.systemdata','UI5','master',128,0,0,243,2139,0.38,32933,0.02,'20180322065556'),(381,'sap.support.servicemessage','UI5','master',47,0,0,48,740,0.35,1793,0.14,'20180322070323'),(382,'sap.support.contingentchecker','UI5','master',8,0,0,10,235,0.14,246,0.13,'20180322110458'),(383,'sap.support.bydchat','UI5','master',78,0,0,102,308,0.84,313,0.83,'20180322125859'),(384,'sap.support.engineersearch','UI5','master',438,0,0,597,2692,0.71,2777,0.69,'20180323170209'),(385,'sap.support.incidentdevopsdashboard','UI5','master',54,0,0,63,495,0.69,540,0.63,'20180323102504'),(386,'sap.support.incidentform','UI5','master',312,0,0,486,5369,0.22,5578,0.21,'20180323091547'),(387,'sap.support.sae','UI5','master',499,0,0,884,2430,0.73,2494,0.71,'20180323072739'),(388,'sap.support.contingentchecker','UI5','hotfix',8,0,0,10,235,0.14,246,0.13,'20180323025238'),(389,'sap.support.systemdata','UI5','master',128,0,0,243,2139,0.38,32933,0.02,'20180323103316'),(390,'sap.support.solutionV2','UI5','master',141,0,0,145,1205,0.55,6364,0.1,'20180323094807'),(391,'sap.support.engineersearch','UI5','master',437,0,0,601,2692,0.71,2777,0.69,'20180324130035'),(392,'sap.support.engineersearch','UI5','master',444,0,0,608,2692,0.73,2777,0.71,'20180326085814'),(393,'sap.support.sae','UI5','master',501,0,0,896,2434,0.73,2498,0.71,'20180326102034'),(394,'sap.support.incidentdevopsdashboard','UI5','master',64,0,0,78,512,0.84,526,0.82,'20180326122414'),(395,'sap.support.solutionV2','UI5','master',142,0,0,146,1217,0.55,6188,0.11,'20180326075522'),(396,'sap.support.incidentform','UI5','master',312,0,0,485,5370,0.22,5579,0.21,'20180326092950'),(397,'sap.support.systemdata','UI5','master',128,0,0,243,2139,0.38,2636,0.31,'20180326094520'),(398,'sap.support.expertchat','UI5','master',252,0,0,442,1251,0.79,1307,0.75,'20180326080046'),(399,'sap.support.incidentform','UI5','master',312,0,0,486,5373,0.22,5582,0.21,'20180327100033'),(400,'sap.support.incidentdevopsdashboard','UI5','master',68,0,0,82,512,0.9,526,0.88,'20180327032737'),(401,'sap.support.engineersearch','UI5','master',451,0,0,624,2692,0.76,2777,0.73,'20180327095825'),(402,'sap.support.solutionV2','UI5','master',142,0,0,146,1217,0.55,6118,0.11,'20180327073837'),(403,'sap.support.sae','UI5','master',501,0,0,896,2434,0.73,2498,0.71,'20180327085301'),(404,'sap.support.systemdata','UI5','master',128,0,0,243,2141,0.38,2638,0.31,'20180327092717'),(405,'sap.support.incidentform','UI5','master',312,0,0,486,5372,0.22,5581,0.21,'20180328084756'),(406,'sap.support.sae','UI5','master',501,0,0,896,2436,0.73,2500,0.71,'20180328085247'),(407,'sap.support.mccactivities','UI5','master',227,0,0,274,1651,0.35,2503,0.23,'20180328063944'),(408,'sap.support.userprofile','UI5','master',248,0,0,272,838,0.43,932,0.38,'20180328023752'),(409,'sap.support.solutionV2','UI5','master',142,0,0,146,1217,0.55,6118,0.11,'20180328024943'),(410,'sap.support.sdrtool','UI5','master',48,0,0,48,51,1,163,0.31,'20180328090726'),(411,'sap.support.systemdata','UI5','master',128,0,0,243,2141,0.38,2639,0.31,'20180328090531'),(412,'sap.support.engineersearch','UI5','master',472,0,0,645,2695,0.8,2780,0.77,'20180328062704'),(413,'sap.support.sbasystemdata','UI5','master',85,0,0,155,1189,0.66,1223,0.64,'20180328050902'),(414,'sap.support.incidentdevopsdashboard','UI5','master',68,0,0,82,515,0.9,529,0.88,'20180328094203'),(415,'sap.support.incidentdevopsdashboard','UI5','master',68,0,0,82,515,0.9,529,0.88,'20180329053949'),(416,'sap.support.engineersearch','UI5','master',486,0,0,666,2798,0.79,2883,0.77,'20180329102546'),(417,'sap.support.expertchat','UI5','master',257,0,0,449,1278,0.78,1334,0.75,'20180329063703'),(418,'sap.support.sbasystemdata','UI5','master',85,0,0,155,1189,0.66,1223,0.64,'20180329063734'),(419,'sap.support.systemdata','UI5','master',131,0,0,248,2155,0.38,2653,0.31,'20180329080754'),(420,'sap.support.userprofile','UI5','master',248,0,0,272,838,0.43,932,0.38,'20180329071234'),(421,'sap.support.incidentform','UI5','master',317,0,0,491,5379,0.22,5588,0.21,'20180329100112'),(422,'sap.support.sae','UI5','master',501,0,0,896,2436,0.73,2500,0.71,'20180329085200'),(423,'sap.support.secunotes','UI5','master',73,0,0,181,263,0.89,411,0.92,'20180329115629'),(424,'sap.support.secunotes','UI5','master',73,0,0,181,263,0.89,411,0.92,'20180330012307'),(425,'sap.support.engineersearch','UI5','master',486,0,0,666,2811,0.79,2896,0.77,'20180330090215'),(426,'sap.support.incidentdevopsdashboard','UI5','master',72,0,0,86,521,0.91,521,0.91,'20180330081317'),(427,'sap.support.expertchat','UI5','master',257,0,0,449,1278,0.78,1334,0.75,'20180330062350'),(428,'sap.support.bydchat','UI5','master',78,0,0,102,308,0.84,313,0.83,'20180330062810'),(429,'sap.support.systemdata','UI5','master',131,0,0,248,2155,0.38,2653,0.31,'20180330065543'),(430,'sap.support.sae','UI5','master',501,0,0,896,2436,0.73,2500,0.71,'20180330070818'),(431,'sap.support.contingentchecker','UI5','master',8,0,0,10,235,0.14,246,0.13,'20180330074551'),(432,'sap.support.servicemessage','UI5','master',47,0,0,48,740,0.35,1793,0.14,'20180330074857'),(433,'sap.support.incidentform','UI5','master',317,0,0,491,5379,0.22,5588,0.21,'20180330084418'),(434,'sap.support.solutionV2','UI5','master',142,0,0,146,1217,0.55,6118,0.11,'20180402032752'),(435,'sap.support.incidentform','UI5','master',317,0,0,491,5384,0.22,5603,0.21,'20180402101409'),(436,'sap.support.engineersearch','UI5','master',486,0,0,666,2817,0.79,2902,0.77,'20180402063333'),(437,'sap.support.incidentdevopsdashboard','UI5','master',72,0,0,86,521,0.91,521,0.91,'20180402052238'),(438,'sap.support.systemdata','UI5','master',131,0,0,248,2156,0.38,2654,0.31,'20180402073635'),(439,'sap.b1.smp.pum','UI5','master',226,0,0,544,858,0.92,2819,0.28,'20180402100818'),(440,'sap.support.incidentform','UI5','master',317,0,0,491,5388,0.22,5607,0.21,'20180403100901'),(441,'sap.support.incidentdevopsdashboard','UI5','master',72,0,0,86,525,0.9,525,0.9,'20180403084117'),(442,'sap.support.engineersearch','UI5','master',469,0,0,645,2801,0.78,2886,0.76,'20180403090929'),(443,'sap.support.contingentchecker','UI5','master',8,0,0,10,242,0.14,253,0.13,'20180403093551'),(444,'sap.abap.sae','ABA','master',184,0,0,184,3362,0.33,0,0,'20180404085826'),(445,'sap.abap.bydchat','ABA','master',4,0,0,4,465,0.04,0,0,'20180404090936'),(446,'sap.abap.incidentform','ABA','master',22,0,0,22,15955,0,0,0,'20180404091451'),(447,'sap.abap.bydchat','ABA','master',4,0,0,4,465,0.04,0,0,'20180405100913'),(448,'sap.abap.incidentform','ABA','master',22,0,0,22,15955,0,0,0,'20180405102614'),(449,'sap.abap.sae','ABA','master',184,0,0,184,3362,0.33,0,0,'20180405103723'),(450,'sap.abap.bydchat','ABA','master',4,0,0,4,465,0.04,0,0,'20180406023456'),(451,'sap.abap.cssng','ABA','master',1036,3,0,1039,12791,0.61,0,0,'20180406024641'),(452,'sap.b1.smp.pum','UI5','master',226,0,0,544,858,0.92,2819,0.28,'20180406034312'),(453,'sap.support.engineersearch','UI5','master',469,0,0,645,2801,0.78,2886,0.76,'20180406054200'),(454,'sap.support.incidentform','UI5','master',316,0,0,490,5390,0.22,5612,0.21,'20180406065943'),(455,'sap.support.solutionV2','UI5','master',182,0,0,186,2545,0.4,5635,0.18,'20180406075435'),(456,'sap.abap.incidentform','ABA','master',22,0,0,22,15955,0,0,0,'20180406102616'),(457,'sap.abap.sae','ABA','master',184,0,0,184,3362,0.33,0,0,'20180406103727'),(458,'sap.support.incidentform','UI5','master',324,0,0,498,5395,0.22,5617,0.21,'20180408014112'),(459,'sap.abap.bydchat','ABA','master',4,0,0,4,465,0.04,0,0,'20180408100915'),(460,'sap.abap.incidentform','ABA','master',22,0,0,22,15955,0,0,0,'20180408102616'),(461,'sap.abap.sae','ABA','master',184,0,0,184,3362,0.33,0,0,'20180408103728'),(462,'sap.support.incidentform','UI5','master',318,0,0,492,5388,0.22,5607,0.21,'20180409073735'),(463,'sap.support.expertchat','UI5','master',259,0,0,455,1278,0.78,1334,0.75,'20180409030433'),(464,'sap.support.solutionV2','UI5','master',190,0,0,194,2545,0.43,5635,0.19,'20180409062744'),(465,'sap.support.incidentdevopsdashboard','UI5','master',72,0,0,86,529,0.89,529,0.89,'20180409093548'),(466,'sap.abap.bydchat','ABA','master',4,0,0,4,465,0.04,0,0,'20180409100917'),(467,'sap.abap.incidentform','ABA','master',22,0,0,22,15955,0,0,0,'20180409102618'),(468,'sap.abap.sae','ABA','master',188,0,0,188,3414,0.33,0,0,'20180409103732'),(469,'sap.support.nnfv2','UI5','master',81,0,0,110,429,0.82,687,0.51,'20180410024331'),(470,'sap.support.incidentform','UI5','master',326,0,0,502,5403,0.22,5625,0.21,'20180410075711'),(471,'sap.support.incidentdevopsdashboard','UI5','master',72,0,0,86,533,0.89,533,0.89,'20180410055359'),(472,'sap.support.systemdata','UI5','master',131,0,0,248,2156,0.38,2654,0.31,'20180410085148'),(473,'sap.support.expertchat','UI5','master',260,0,0,460,1269,0.78,1325,0.74,'20180410084230'),(474,'sap.support.sdrtool','UI5','master',48,0,0,48,51,1,163,0.31,'20180410102743'),(475,'sap.support.engineersearch','UI5','master',465,4,0,645,2803,0.78,2888,0.76,'20180410093652'),(476,'sap.abap.bydchat','ABA','master',4,0,0,4,465,0.04,0,0,'20180410100917'),(477,'sap.abap.incidentform','ABA','master',22,0,0,22,15966,0,0,0,'20180410102620'),(478,'sap.abap.sae','ABA','master',188,0,0,188,3416,0.33,0,0,'20180410103731'),(479,'sap.abap.cssng','ABA','master',1030,9,0,1039,12859,0.61,0,0,'20180410105523'),(480,'sap.support.sdrtool','UI5','master',48,0,0,48,51,1,163,0.31,'20180411075809'),(481,'sap.support.incidentdevopsdashboard','UI5','master',72,0,0,86,529,0.89,529,0.89,'20180411071822'),(482,'sap.support.incidentform','UI5','master',327,0,0,511,5403,0.22,5625,0.21,'20180411050936'),(483,'sap.support.expertchat','UI5','master',260,0,0,462,1269,0.78,1325,0.74,'20180411100023'),(484,'sap.support.engineersearch','UI5','master',469,0,0,645,2803,0.78,2888,0.76,'20180411082903'),(485,'sap.abap.bydchat','ABA','master',4,0,0,4,465,0.04,0,0,'20180411100916'),(486,'sap.abap.incidentform','ABA','master',22,0,0,22,15966,0,0,0,'20180411102618'),(487,'sap.abap.sae','ABA','master',188,0,0,188,3416,0.33,0,0,'20180411103728'),(488,'sap.abap.cssng','ABA','master',1017,22,0,1039,12867,0.6,0,0,'20180411105526'),(489,'sap.support.sdrtool','UI5','hotfix',48,0,0,48,51,1,163,0.31,'20180412101609'),(490,'sap.support.incidentdevopsdashboard','UI5','master',72,0,0,86,533,0.89,533,0.89,'20180412091752'),(491,'sap.support.incidentform','UI5','master',326,0,0,502,5403,0.22,5625,0.21,'20180412052056'),(492,'sap.support.engineersearch','UI5','master',469,0,0,645,2805,0.79,2895,0.76,'20180412092105'),(493,'sap.support.systemdata','UI5','master',131,0,0,248,2156,0.38,2654,0.31,'20180412123454'),(494,'sap.abap.bydchat','ABA','master',4,0,0,4,465,0.04,0,0,'20180412100913'),(495,'sap.abap.sae','ABA','master',188,0,0,188,3416,0.33,0,0,'20180412101547'),(496,'sap.abap.incidentform','ABA','master',22,0,0,22,15970,0,0,0,'20180412102616'),(497,'sap.abap.cssng','ABA','master',1042,0,0,1042,12867,0.61,0,0,'20180412105527'),(498,'sap.support.incidentdevopsdashboard','UI5','master',71,1,0,86,499,0.89,499,0.89,'20180413013837'),(499,'sap.support.expertchat','UI5','master',260,0,0,462,1269,0.78,1325,0.74,'20180413013234'),(500,'sap.support.solutionV2','UI5','master',200,0,0,204,2617,0.44,5514,0.21,'20180413015243'),(501,'sap.support.incidentform','UI5','master',326,0,0,502,5403,0.22,5625,0.21,'20180413070736'),(502,'sap.support.sdrtool','UI5','hotfix',48,0,0,48,51,1,162,0.31,'20180413093226'),(503,'sap.support.engineersearch','UI5','master',469,0,0,645,2800,0.79,2890,0.76,'20180413093744'),(504,'sap.support.solutionV2','UI5','master',216,0,0,220,0,0,5356,0.24,'20180414055725'),(505,'sap.abap.bydchat','ABA','master',4,0,0,4,465,0.04,0,0,'20180414100914'),(506,'sap.abap.incidentform','ABA','master',22,0,0,22,15970,0,0,0,'20180414102615'),(507,'sap.abap.sae','ABA','master',188,0,0,188,3416,0.33,0,0,'20180414103728'),(508,'sap.abap.cssng','ABA','master',1042,0,0,1042,12870,0.62,0,0,'20180414105526'),(509,'sap.abap.bydchat','ABA','master',4,0,0,4,465,0.04,0,0,'20180415100913'),(510,'sap.abap.incidentform','ABA','master',22,0,0,22,15970,0,0,0,'20180415102614'),(511,'sap.abap.sae','ABA','master',188,0,0,188,3416,0.33,0,0,'20180415103725'),(512,'sap.abap.cssng','ABA','master',1042,0,0,1042,12870,0.62,0,0,'20180415105531'),(513,'sap.support.incidentform','UI5','master',326,0,0,502,5403,0.22,5625,0.21,'20180416051809'),(514,'sap.support.incidentdevopsdashboard','UI5','master',72,0,0,86,503,0.88,503,0.88,'20180416063211'),(515,'sap.abap.bydchat','ABA','master',4,0,0,4,465,0.04,0,0,'20180416100914'),(516,'sap.abap.incidentform','ABA','master',22,0,0,22,15970,0,0,0,'20180416102615'),(517,'sap.abap.sae','ABA','master',188,0,0,188,3416,0.33,0,0,'20180416103724'),(518,'sap.abap.cssng','ABA','master',1042,0,0,1042,12870,0.62,0,0,'20180416105628'),(519,'sap.support.incidentform','UI5','master',326,0,0,502,5403,0.22,5625,0.21,'20180417100412'),(520,'sap.abap.incidentform','ABA','master',22,0,0,22,15970,0,0,0,'20180417095622'),(521,'sap.abap.bydchat','ABA','master',4,0,0,4,465,0.04,0,0,'20180417100913'),(522,'sap.abap.sae','ABA','master',188,0,0,188,3419,0.33,0,0,'20180417103723'),(523,'sap.abap.cssng','ABA','master',1038,0,4,1038,12873,0.61,0,0,'20180417105720'),(524,'sap.support.systemdata','UI5','master',131,0,0,248,2156,0.38,2654,0.31,'20180418021743'),(525,'sap.support.incidentform','UI5','master',330,0,0,506,5404,0.22,5626,0.21,'20180418102257'),(526,'sap.support.incidentdevopsdashboard','UI5','master',72,0,0,86,508,0.88,508,0.88,'20180418134508'),(527,'sap.support.engineersearch','UI5','master',469,0,0,645,2800,0.79,2890,0.76,'20180418101643'),(528,'sap.support.solutionV2','UI5','master',279,0,0,283,3458,0.49,5022,0.34,'20180418075846'),(529,'sap.support.mccactivities','UI5','master',227,0,0,274,1652,0.35,2504,0.23,'20180418082039'),(530,'sap.abap.bydchat','ABA','master',4,0,0,4,465,0.04,0,0,'20180418100917'),(531,'sap.abap.sae','ABA','master',188,0,0,188,3416,0.33,0,0,'20180418103727'),(532,'sap.abap.cssng','ABA','master',1037,1,4,1038,12869,0.61,0,0,'20180418105714'),(533,'sap.support.incidentform','UI5','master',330,0,0,506,5404,0.22,5626,0.21,'20180419053915'),(534,'sap.support.solutionV2','UI5','master',293,0,0,297,0,0,5007,0.35,'20180419100949'),(535,'sap.support.incidentdevopsdashboard','UI5','master',72,0,0,86,502,0.88,502,0.88,'20180419065813'),(536,'sap.support.engineersearch','UI5','master',469,0,0,645,2801,0.79,2891,0.76,'20180419071822'),(537,'sap.abap.bydchat','ABA','master',4,0,0,4,465,0.04,0,0,'20180419100915'),(538,'sap.abap.sae','ABA','master',188,0,0,188,3416,0.33,0,0,'20180419103726'),(539,'sap.abap.cssng','ABA','master',1038,0,4,1038,12903,0.61,0,0,'20180419105613'),(541,'sap.support.solutionV2','UI5','master',304,0,0,308,3444,0.51,4988,0.35,'20180420030255'),(542,'sap.support.sbasystemdata','UI5','master',85,0,0,155,1189,0.66,1223,0.64,'20180420033109'),(543,'sap.support.systemdata','UI5','hotfix',131,0,0,248,2156,0.38,2654,0.31,'20180420093934'),(545,'sap.abap.cssng','ABA','master',1038,0,4,1038,12916,0.61,0,0,'20180420061439'),(546,'sap.support.incidentform','UI5','master',330,0,0,506,5404,0.22,5626,0.21,'20180420101046'),(547,'sap.support.engineersearch','UI5','master',469,0,0,645,2818,0.78,2908,0.76,'20180420095539'),(548,'sap.abap.bydchat','ABA','master',4,0,0,4,465,0.04,0,0,'20180420100913'),(549,'sap.abap.sae','ABA','master',188,0,0,188,3419,0.33,0,0,'20180420103725'),(550,'sap.abap.bydchat','ABA','master',4,0,0,4,465,0.04,0,0,'20180421100914'),(552,'sap.abap.sae','ABA','master',188,0,0,188,3419,0.33,0,0,'20180421103724'),(553,'sap.abap.cssng','ABA','master',1043,0,4,1043,12957,0.61,0,0,'20180421105620'),(554,'sap.abap.bydchat','ABA','master',4,0,0,4,465,0.04,0,0,'20180422100914'),(556,'sap.abap.sae','ABA','master',188,0,0,188,3419,0.33,0,0,'20180422103729'),(557,'sap.abap.cssng','ABA','master',1047,0,0,1047,12957,0.61,0,0,'20180422105518'),(558,'sap.abap.cssng','ABA','master',1044,3,0,1047,12957,0.61,0,0,'20180423024143'),(559,'sap.abap.incidentform','ABA','master',22,0,0,22,2879,0.02,0,0,'20180423033413'),(560,'sap.support.engineersearch','UI5','master',469,0,0,645,2818,0.78,2908,0.76,'20180423060130'),(561,'sap.support.incidentdevopsdashboard','UI5','master',72,0,0,86,502,0.88,502,0.88,'20180423075909'),(562,'sap.support.solutionV2','UI5','master',339,0,0,343,3934,0.51,4737,0.42,'20180423094611'),(564,'sap.abap.sae','ABA','master',188,0,0,188,3460,0.33,0,0,'20180423103727'),(565,'sap.support.engineersearch','UI5','master',469,0,0,645,0,0.78,2950,0.75,'20180424094713'),(566,'sap.support.incidentform','UI5','master',356,0,0,559,5712,0.24,5934,0.23,'20180424131512'),(567,'sap.support.systemdata','UI5','master',131,0,0,248,2156,0.38,2654,0.31,'20180424100116'),(568,'sap.abap.bydchat','ABA','master',4,0,0,4,465,0.04,0,0,'20180424100914'),(569,'sap.abap.incidentform','ABA','master',22,0,0,22,2879,0.02,0,0,'20180424102616'),(571,'sap.abap.sae','ABA','master',188,0,0,188,3460,0.33,0,0,'20180424103724'),(572,'sap.abap.cssng','ABA','master',1045,3,0,1048,12961,0.61,0,0,'20180424105532'),(573,'sap.support.incidentform','UI5','master',363,0,0,572,5746,0.24,5968,0.23,'20180425070808'),(574,'sap.support.engineersearch','UI5','master',469,0,0,645,2860,0.77,2950,0.75,'20180425091432'),(575,'sap.support.systemdata','UI5','master',131,0,0,248,2156,0.38,2654,0.31,'20180425100656'),(576,'sap.abap.bydchat','ABA','master',4,0,0,4,465,0.04,0,0,'20180425100915'),(577,'sap.abap.incidentform','ABA','master',26,0,0,26,2885,0.02,0,0,'20180425102617'),(579,'sap.abap.sae','ABA','master',189,0,0,189,3460,0.33,0,0,'20180425103726'),(580,'sap.abap.cssng','ABA','master',1045,3,0,1048,12970,0.61,0,0,'20180425105517'),(581,'sap.support.mccactivities','UI5','master',239,0,0,294,1625,0.36,2477,0.24,'20180426102649'),(582,'sap.support.incidentdevopsdashboard','UI5','master',74,0,0,88,509,0.88,509,0.88,'20180426033212'),(583,'sap.support.systemdata','UI5','master',131,0,0,248,2156,0.38,2654,0.31,'20180426060925'),(584,'sap.support.solutionV2','UI5','master',339,0,0,343,3939,0.51,4746,0.42,'20180426085019'),(585,'sap.support.incidentform','UI5','master',363,0,0,572,5746,0.24,5968,0.23,'20180426095502'),(586,'sap.support.engineersearch','UI5','master',470,0,0,648,2860,0.79,2950,0.77,'20180426103456'),(588,'sap.abap.bydchat','ABA','master',4,0,0,4,465,0.04,0,0,'20180426230917'),(589,'sap.abap.incidentform','ABA','master',26,0,0,26,2885,0.02,0,0,'20180426232619'),(590,'sap.abap.sae','ABA','master',189,0,0,189,3460,0.33,0,0,'20180426233727'),(591,'sap.abap.cssng','ABA','master',1037,11,0,1048,13030,0.61,0,0,'20180426235536'),(594,'sap.support.incidentform','UI5','master',367,0,0,579,5751,0.24,5973,0.23,'20180427064401'),(595,'sap.support.solutionV2','UI5','master',339,0,0,343,3939,0.51,4747,0.42,'20180427083301'),(596,'sap.support.engineersearch','UI5','master',470,0,0,648,2861,0.79,2951,0.77,'20180427074237'),(597,'sap.support.nnfv2','UI5','master',81,0,0,110,429,0.82,687,0.51,'20180427075413'),(598,'sap.support.systemdata','UI5','master',131,0,0,248,2156,0.38,32899,0.03,'20180427100425'),(599,'sap.support.sbasystemdata','UI5','hotfix',85,0,0,155,1189,0.66,1223,0.64,'20180427083234'),(600,'sap.support.sdrtool','UI5','master',48,0,0,48,51,1,162,0.31,'20180427083326'),(601,'sap.support.mccactivities','UI5','master',241,0,0,299,1638,0.36,2490,0.24,'20180427101527'),(602,'sap.abap.bydchat','ABA','master',4,0,0,4,465,0.04,0,0,'20180427230915'),(603,'sap.abap.incidentform','ABA','master',26,0,0,26,2916,0.02,0,0,'20180427232617'),(604,'sap.abap.sae','ABA','master',187,5,0,192,3460,0.32,0,0,'20180427233727'),(605,'sap.abap.cssng','ABA','master',1038,10,0,1048,12952,0.61,0,0,'20180427235515'),(608,'sap.abap.bydchat','ABA','master',4,0,0,4,465,0.04,0,0,'20180428230916'),(609,'sap.abap.incidentform','ABA','master',26,0,0,26,2916,0.02,0,0,'20180428232618'),(610,'sap.abap.sae','ABA','master',192,0,0,192,3460,0.33,0,0,'20180428233728'),(611,'sap.abap.cssng','ABA','master',1038,10,0,1048,12952,0.61,0,0,'20180428235521'),(614,'sap.abap.bydchat','ABA','master',4,0,0,4,465,0.04,0,0,'20180429230916'),(615,'sap.abap.incidentform','ABA','master',26,0,0,26,2916,0.02,0,0,'20180429232618'),(616,'sap.abap.sae','ABA','master',192,0,0,192,3460,0.33,0,0,'20180429233727'),(617,'sap.abap.cssng','ABA','master',1038,10,0,1048,12952,0.61,0,0,'20180429235523'),(618,'sap.support.systemdata','UI5','master',135,0,0,252,2150,0.39,32893,0.03,'20180430055309'),(619,'sap.support.engineersearch','UI5','master',470,0,0,648,2861,0.79,2951,0.77,'20180430085500'),(620,'sap.support.incidentform','UI5','master',360,0,0,569,5746,0.24,5968,0.23,'20180430100619'),(621,'sap.support.incidentdevopsdashboard','UI5','master',74,0,0,88,508,0.88,508,0.88,'20180430074416'),(624,'sap.abap.bydchat','ABA','master',4,0,0,4,465,0.04,0,0,'20180430230916'),(625,'sap.abap.incidentform','ABA','master',26,0,0,26,2916,0.02,0,0,'20180430232618'),(626,'sap.abap.sae','ABA','master',192,0,0,192,3462,0.33,0,0,'20180430233724'),(627,'sap.abap.cssng','ABA','master',1038,10,0,1048,12980,0.61,0,0,'20180430235508'),(630,'sap.abap.bydchat','ABA','master',4,0,0,4,465,0.04,0,0,'20180501230915'),(631,'sap.abap.incidentform','ABA','master',26,0,0,26,2916,0.02,0,0,'20180501232617'),(632,'sap.abap.sae','ABA','master',192,0,0,192,3462,0.33,0,0,'20180501233728'),(633,'sap.abap.cssng','ABA','master',1024,24,0,1048,12980,0.6,0,0,'20180501235514'),(634,'sap.support.incidentform','UI5','master',373,0,0,595,5753,0.24,5975,0.23,'20180502115813'),(635,'sap.support.engineersearch','UI5','master',470,0,0,648,2875,0.79,3057,0.74,'20180502100702'),(636,'sap.support.incidentdevopsdashboard','UI5','master',76,0,0,90,510,0.88,510,0.88,'20180502082521'),(637,'sap.support.sdrtool','UI5','hotfix',48,0,0,48,51,1,163,0.31,'20180502092149'),(640,'sap.support.incidentform','UI5','master',381,0,0,607,5774,0.24,5996,0.24,'20180503123137'),(641,'sap.support.engineersearch','UI5','master',481,0,0,659,2932,0.79,3022,0.77,'20180503092001'),(642,'sap.support.systemdata','UI5','master',135,0,0,252,2150,0.39,32893,0.03,'20180503101356'),(643,'sap.support.solutionV2','UI5','master',339,0,0,343,3946,0.51,4754,0.42,'20180503093820'),(648,'sap.abap.bydchat','ABA','master',4,0,0,4,465,0.04,0,0,'20180503230916'),(649,'sap.abap.incidentform','ABA','master',30,0,0,30,2972,0.03,0,0,'20180503232621'),(650,'sap.abap.sae','ABA','master',193,0,0,193,3466,0.33,0,0,'20180503233732'),(651,'sap.abap.cssng','ABA','master',694,355,0,1049,13028,0.47,0,0,'20180503235455'),(652,'sap.support.incidentform','UI5','master',381,0,0,607,5774,0.24,5996,0.24,'20180504100023'),(653,'sap.support.solutionV2','UI5','master',304,0,0,308,3445,0.51,5014,0.35,'20180504024855'),(654,'sap.support.systemdata','UI5','master',135,0,0,252,2153,0.39,32896,0.03,'20180504085916'),(655,'sap.support.engineersearch','UI5','master',477,0,0,655,2932,0.79,3024,0.77,'20180504062732'),(657,'sap.support.sae','UI5','master',501,0,0,896,2436,0.73,2500,0.71,'20180504085413'),(660,'sap.abap.bydchat','ABA','master',4,0,0,4,465,0.04,0,0,'20180504230914'),(661,'sap.abap.incidentform','ABA','master',32,1,0,33,2972,0.02,0,0,'20180504232616'),(662,'sap.abap.sae','ABA','master',193,0,0,193,3466,0.33,0,0,'20180504233724'),(663,'sap.abap.cssng','ABA','master',1039,10,0,1049,13069,0.6,0,0,'20180504235521'),(667,'sap.abap.bydchat','ABA','master',4,0,0,4,465,0.04,0,0,'20180505230912'),(668,'sap.abap.incidentform','ABA','master',33,0,0,33,2935,0.03,0,0,'20180505232615'),(669,'sap.abap.sae','ABA','master',193,0,0,193,3466,0.33,0,0,'20180505233723'),(670,'sap.abap.cssng','ABA','master',1039,10,0,1049,13071,0.6,0,0,'20180505235500'),(674,'sap.abap.bydchat','ABA','master',4,0,0,4,465,0.04,0,0,'20180506230916'),(675,'sap.abap.incidentform','ABA','master',33,0,0,33,2935,0.03,0,0,'20180506232619'),(676,'sap.abap.sae','ABA','master',193,0,0,193,3466,0.33,0,0,'20180506233729'),(677,'sap.abap.cssng','ABA','master',1039,10,0,1049,13071,0.6,0,0,'20180506235503'),(678,'sap.b1.smp.pum','UI5','master',226,0,0,544,858,0.92,2819,0.28,'20180507023050'),(679,'sap.support.newsystemeudp','UI5','master',20,0,0,26,193,0.57,213,0.52,'20180507013943'),(680,'sap.support.engineersearch','UI5','master',477,0,0,655,2933,0.79,3025,0.77,'20180507092707'),(681,'sap.support.systemdata','UI5','master',135,0,0,252,2150,0.39,32893,0.03,'20180507070932'),(682,'sap.support.solutionV2','UI5','master',304,0,0,308,3445,0.51,5021,0.35,'20180507095245'),(683,'sap.support.incidentform','UI5','master',382,0,0,610,5789,0.25,6011,0.24,'20180507085441'),(684,'sap.support.sbasystemdata','UI5','master',85,0,0,155,1189,0.66,1223,0.64,'20180507063814'),(685,'sap.support.incidentdevopsdashboard','UI5','master',76,0,0,90,510,0.88,510,0.88,'20180507064515'),(686,'sap.support.userprofile','UI5','master',248,0,0,272,838,0.43,932,0.38,'20180507071410'),(687,'sap.support.sae','UI5','master',501,0,0,896,2436,0.73,2500,0.71,'20180507085230'),(690,'sap.support.mccactivities','UI5','master',247,0,0,307,1617,0.37,2469,0.24,'20180507102859'),(692,'sap.abap.bydchat','ABA','master',4,0,0,4,465,0.04,0,0,'20180507230915'),(693,'sap.abap.incidentform','ABA','master',33,0,0,33,2932,0.03,0,0,'20180507232617'),(694,'sap.abap.sae','ABA','master',193,0,0,193,3466,0.33,0,0,'20180507233727'),(695,'sap.abap.cssng','ABA','master',1037,6,1,1043,13076,0.6,0,0,'20180507235436'),(696,'sap.support.solutionV2','UI5','master',339,0,0,343,3949,0.51,4757,0.42,'20180508062203'),(697,'sap.b1.smp.pum','UI5','master',226,0,0,544,858,0.92,2819,0.28,'20180508071007'),(698,'sap.support.incidentform','UI5','master',382,0,0,613,5797,0.25,6019,0.24,'20180508091758'),(699,'sap.abap.cssng','ABA','master',1038,5,1,1043,13077,0.6,0,0,'20180508070500'),(700,'sap.abap.bydchat','ABA','master',4,0,0,4,465,0.04,0,0,'20180508070105'),(701,'sap.support.bydchat','UI5','master',79,0,0,104,308,0.84,313,0.83,'20180508064203'),(702,'sap.support.servicemessage','UI5','master',47,0,0,48,743,0.35,1822,0.14,'20180508071329'),(703,'sap.support.incidentdevopsdashboard','UI5','master',76,0,0,90,510,0.88,510,0.88,'20180508083407'),(704,'sap.support.nnfv2','UI5','master',81,0,0,110,433,0.82,691,0.51,'20180508084300'),(705,'sap.support.sae','UI5','master',501,0,0,896,2436,0.73,2500,0.71,'20180508111004'),(706,'sap.support.systemdata','UI5','master',139,0,0,259,2150,0.39,32893,0.03,'20180508102821'),(710,'sap.support.incidentform','UI5','master',382,0,0,614,5799,0.25,6021,0.24,'20180509070953'),(711,'sap.support.engineersearch','UI5','master',477,0,0,655,2938,0.79,3053,0.76,'20180509100826'),(712,'sap.support.sbasystemdata','UI5','master',92,0,0,169,1224,0.66,31503,0.03,'20180509082820'),(713,'sap.support.incidentdevopsdashboard','UI5','master',76,0,0,90,510,0.88,510,0.88,'20180509054437'),(714,'sap.support.servicemessage','UI5','master',47,0,0,48,743,0.35,1822,0.14,'20180509055003'),(715,'sap.support.nnfv2','UI5','master',81,0,0,110,436,0.81,694,0.51,'20180509081701'),(716,'sap.support.systemdata','UI5','master',139,0,0,259,2150,0.39,32893,0.03,'20180509065638'),(717,'sap.support.userprofile','UI5','master',248,0,0,272,838,0.43,932,0.38,'20180509071401'),(718,'sap.abap.cssng','ABA','master',1045,7,1,1052,13291,0.57,0,0,'20180509073440'),(719,'sap.support.solutionV2','UI5','master',339,0,0,343,3951,0.51,4763,0.42,'20180509083903'),(720,'sap.support.solutionV2','UI5','master',339,0,0,343,3952,0.51,4764,0.42,'20180510015423'),(721,'sap.support.engineersearch','UI5','master',477,0,0,655,2937,0.79,3052,0.76,'20180510031216'),(722,'sap.support.incidentdevopsdashboard','UI5','master',76,0,0,90,510,0.88,510,0.88,'20180510091055'),(723,'sap.support.nnfv2','UI5','master',81,0,0,110,436,0.81,694,0.51,'20180510092203'),(724,'sap.support.incidentform','UI5','master',381,0,0,613,5791,0.25,6000,0.24,'20180510085844'),(725,'sap.support.sbasystemdata','UI5','master',92,0,0,169,1224,0.66,31503,0.03,'20180510063625'),(726,'sap.support.systemdata','UI5','master',140,0,0,261,2156,0.4,32899,0.03,'20180510094127'),(727,'sap.support.incidentform','UI5','master',390,0,0,624,5799,0.25,6008,0.24,'20180511093807'),(728,'sap.support.mccactivities','UI5','master',251,0,0,311,1578,0.39,2430,0.25,'20180511061251'),(729,'sap.support.engineersearch','UI5','master',480,0,0,658,2940,0.79,3055,0.76,'20180511023927'),(730,'sap.support.systemdata','UI5','master',140,0,0,261,2156,0.4,32899,0.03,'20180511070959'),(731,'sap.support.incidentdevopsdashboard','UI5','master',76,0,0,90,513,0.88,513,0.88,'20180511041637'),(732,'sap.support.servicemessage','UI5','master',47,0,0,48,743,0.35,1822,0.14,'20180511054742'),(733,'sap.support.nnfv2','UI5','master',81,0,0,110,436,0.81,694,0.51,'20180511060626'),(734,'sap.support.sbasystemdata','UI5','master',92,0,0,169,1224,0.66,31503,0.03,'20180511063627'),(735,'sap.support.userprofile','UI5','master',248,0,0,272,838,0.43,932,0.38,'20180511071504'),(736,'sap.b1.smp.pum','UI5','master',226,0,0,544,858,0.92,2819,0.28,'20180511071854'),(737,'sap.abap.bydchat','ABA','master',4,0,0,4,465,0.04,0,0,'20180511090155'),(738,'sap.abap.incidentform','ABA','master',39,0,0,39,2943,0.04,0,0,'20180511090205'),(739,'sap.abap.sae','ABA','master',193,0,0,193,3469,0.33,0,0,'20180511090223'),(740,'sap.abap.cssng','ABA','master',1052,9,1,1061,13332,0.57,0,0,'20180511090534'),(741,'sap.support.newsystemeudp','UI5','master',28,0,0,34,195,0.57,215,0.52,'20180511093239'),(742,'sap.abap.bydchat','ABA','master',4,0,0,4,465,0.04,0,0,'20180513230916'),(743,'sap.abap.incidentform','ABA','master',39,0,0,39,2943,0.04,0,0,'20180513232618'),(744,'sap.abap.sae','ABA','master',193,0,0,193,3469,0.33,0,0,'20180513233728'),(745,'sap.abap.cssng','ABA','master',1054,9,1,1063,13338,0.59,0,0,'20180513235447'),(746,'sap.support.mccactivities','UI5','master',251,0,0,311,1578,0.39,2430,0.25,'20180514031741'),(747,'sap.support.incidentdevopsdashboard','UI5','master',76,0,0,90,513,0.88,513,0.88,'20180514054406'),(748,'sap.support.servicemessage','UI5','master',47,0,0,48,743,0.35,1822,0.14,'20180514054711'),(749,'sap.support.engineersearch','UI5','master',480,0,0,658,2940,0.79,3054,0.76,'20180514090359'),(750,'sap.support.nnfv2','UI5','master',82,0,0,111,436,0.81,694,0.51,'20180514060517'),(751,'sap.support.systemdata','UI5','master',140,0,0,261,2156,0.4,32899,0.03,'20180514095438'),(752,'sap.support.newsystemeudp','UI5','master',28,0,0,34,195,0.57,215,0.52,'20180514072354'),(753,'sap.support.incidentform','UI5','master',392,0,0,631,5801,0.25,6010,0.24,'20180514100055'),(754,'sap.support.sscr','UI5','master',2,0,0,2,257,0.14,1512,0.02,'20180514085832'),(755,'sap.support.sae','UI5','master',501,0,0,896,2436,0.73,2500,0.71,'20180514091649'),(756,'sap.support.bydchat','UI5','master',79,0,0,104,308,0.84,313,0.83,'20180514091550'),(760,'sap.abap.bydchat','ABA','master',4,0,0,4,465,0.04,0,0,'20180514230915'),(761,'sap.abap.incidentform','ABA','master',39,0,0,39,2943,0.04,0,0,'20180514232617'),(762,'sap.abap.sae','ABA','master',193,0,0,193,3469,0.33,0,0,'20180514233731'),(763,'sap.abap.cssng','ABA','master',1056,8,1,1064,13348,0.59,0,0,'20180514235444'),(764,'sap.support.userprofile','UI5','master',248,0,0,272,838,0.43,932,0.38,'20180515014725'),(765,'sap.support.expertchat','UI5','master',260,0,0,462,1269,0.78,1325,0.74,'20180515015418'),(766,'sap.support.incidentform','UI5','master',392,0,0,631,5801,0.25,6010,0.24,'20180515045926'),(767,'sap.support.newsystemeudp','UI5','master',28,0,0,34,195,0.57,215,0.52,'20180515053944'),(768,'sap.support.systemdata','UI5','master',140,0,0,261,2156,0.4,32899,0.03,'20180515065545'),(772,'sap.abap.bydchat','ABA','master',4,0,0,4,465,0.04,0,0,'20180515230912'),(773,'sap.abap.incidentform','ABA','master',44,0,0,44,2947,0.04,0,0,'20180515232616'),(774,'sap.abap.sae','ABA','master',193,0,0,193,3469,0.33,0,0,'20180515233724'),(775,'sap.abap.cssng','ABA','master',1061,3,1,1064,13396,0.59,0,0,'20180515235447'),(776,'sap.support.incidentform','UI5','transport',392,0,0,631,5807,0.25,6016,0.24,'20180516100147'),(777,'sap.b1.smp.pum','UI5','master',226,0,0,544,858,0.92,2819,0.28,'20180516095619'),(778,'sap.support.engineersearch','UI5','master',480,0,0,658,2940,0.79,3054,0.76,'20180516095920'),(779,'sap.support.incidentdevopsdashboard','UI5','master',76,0,0,90,513,0.88,513,0.88,'20180516100201'),(781,'sap.support.secunotes','UI5','master',73,0,0,181,411,0.92,263,0.89,'20180516100721'),(784,'sap.abap.bydchat','ABA','master',4,0,0,4,465,0.04,0,0,'20180516230915'),(785,'sap.abap.incidentform','ABA','master',44,0,0,44,2947,0.04,0,0,'20180516232616'),(786,'sap.abap.sae','ABA','master',193,0,0,193,3469,0.33,0,0,'20180516233726'),(787,'sap.abap.cssng','ABA','master',1063,2,1,1065,13518,0.59,0,0,'20180516235826'),(788,'sap.support.userprofile','UI5','master',248,0,0,272,838,0.43,932,0.38,'20180517023215'),(789,'sap.support.incidentdevopsdashboard','UI5','master',72,0,0,86,528,0.75,528,0.75,'20180517104423'),(790,'sap.support.sae','UI5','master',502,0,0,897,2438,0.73,2502,0.71,'20180517071834'),(791,'sap.support.incidentform','UI5','transport',392,0,0,631,5807,0.25,6016,0.24,'20180517081856'),(795,'sap.support.incidentform','UI5','transport',392,0,0,631,5808,0.25,6017,0.24,'20180518094625'),(796,'sap.support.mccactivities','UI5','master',248,0,0,308,1484,0.41,2336,0.26,'20180518074640'),(797,'sap.support.userprofile','UI5','master',248,0,0,272,838,0.43,928,0.38,'20180518074918'),(798,'sap.b1.smp.pum','UI5','master',226,0,0,544,858,0.92,2819,0.28,'20180518084441'),(799,'sap.support.sae','UI5','master',502,0,0,897,2438,0.73,2502,0.71,'20180518085144'),(800,'sap.support.newsystemeudp','UI5','master',28,0,0,34,195,0.57,215,0.52,'20180518095945'),(801,'sap.abap.bydchat','ABA','master',4,0,0,4,465,0.04,0,0,'20180518230917'),(802,'sap.abap.incidentform','ABA','master',44,0,0,44,2947,0.04,0,0,'20180518232619'),(803,'sap.abap.sae','ABA','master',190,3,0,193,3470,0.33,0,0,'20180518233729'),(804,'sap.abap.cssng','ABA','master',1063,2,1,1065,0,0,0,0,'20180518235903'),(805,'sap.b1.smp.pum','UI5','master',226,0,0,544,858,0.92,2819,0.28,'20180519072237'),(809,'sap.abap.bydchat','ABA','master',4,0,0,4,465,0.04,0,0,'20180519230915'),(810,'sap.abap.incidentform','ABA','master',44,0,0,44,2947,0.04,0,0,'20180519232617'),(811,'sap.abap.sae','ABA','master',189,4,0,193,3470,0.33,0,0,'20180519233727'),(812,'sap.abap.cssng','ABA','master',1062,2,1,1064,13588,0.59,0,0,'20180519235845'),(816,'sap.abap.bydchat','ABA','master',4,0,0,4,465,0.04,0,0,'20180520230913'),(817,'sap.abap.incidentform','ABA','master',44,0,0,44,2947,0.04,0,0,'20180520232616'),(818,'sap.abap.sae','ABA','master',189,4,0,193,3470,0.33,0,0,'20180520233726'),(819,'sap.abap.cssng','ABA','master',1062,2,1,1064,13590,0.59,0,0,'20180520235835'),(820,'sap.support.systemdata','UI5','master',141,0,0,268,2158,0.4,32901,0.03,'20180521093912'),(821,'sap.support.incidentform','UI5','transport',392,0,0,631,5808,0.25,6017,0.24,'20180521101505'),(822,'sap.support.mccactivities','UI5','master',248,0,0,308,1465,0.41,2317,0.26,'20180521060451'),(826,'sap.abap.bydchat','ABA','master',4,0,0,4,465,0.04,0,0,'20180521230917'),(827,'sap.abap.incidentform','ABA','master',44,0,0,44,2947,0.04,0,0,'20180521232619'),(828,'sap.abap.sae','ABA','master',189,4,0,193,3470,0.33,0,0,'20180521233729'),(829,'sap.abap.cssng','ABA','master',1062,2,1,1064,13615,0.59,0,0,'20180521235855'),(830,'sap.support.engineersearch','UI5','master',480,0,0,658,2940,0.79,3054,0.76,'20180522022619'),(831,'sap.support.systemdata','UI5','master',145,0,0,274,2160,0.4,32903,0.03,'20180522101335'),(832,'sap.support.incidentform','UI5','transport',392,0,0,631,5808,0.25,6017,0.24,'20180522062033'),(833,'sap.support.mccactivities','UI5','master',248,0,0,308,1465,0.41,2317,0.26,'20180522091555'),(837,'sap.abap.bydchat','ABA','master',4,0,0,4,465,0.04,0,0,'20180522230916'),(838,'sap.abap.incidentform','ABA','master',44,0,0,44,2947,0.04,0,0,'20180522232618'),(839,'sap.abap.sae','ABA','master',193,0,0,193,3470,0.33,0,0,'20180522233726'),(840,'sap.support.mccactivities','UI5','master',248,0,0,308,1465,0.41,2317,0.26,'20180523093039'),(841,'sap.support.sae','UI5','master',502,0,0,897,2439,0.73,2503,0.71,'20180523025132'),(842,'sap.support.incidentform','UI5','transport',392,0,0,631,5808,0.25,6017,0.24,'20180523091847'),(843,'sap.support.systemdata','UI5','master',167,0,0,299,2070,0.4,33371,0.02,'20180523101019'),(847,'sap.abap.bydchat','ABA','master',4,0,0,4,465,0.04,0,0,'20180523230914'),(848,'sap.abap.incidentform','ABA','master',44,0,0,44,2947,0.04,0,0,'20180523232614'),(849,'sap.abap.sae','ABA','master',193,0,0,193,3470,0.33,0,0,'20180523233724'),(850,'sap.abap.cssng','ABA','master',1062,3,1,1065,13632,0.59,0,0,'20180523235839'),(851,'sap.abap.sae','ABA','master',193,0,0,193,3470,0.33,0,0,'20180524233727'),(852,'sap.abap.cssng','ABA','master',1065,2,1,1067,0,0,0,0,'20180524235851'),(853,'sap.support.incidentdevopsdashboard','UI5','master',82,0,0,98,615,0.71,615,0.71,'20180524115409'),(854,'sap.abap.systemdataeudp','ABA','master',16,0,0,16,60,0.67,0,0,'20180524101715'),(855,'sap.abap.bydchat','ABA','master',4,0,0,4,465,0.04,0,0,'20180524230917'),(856,'sap.abap.incidentform','ABA','master',44,0,0,44,2947,0.04,0,0,'20180524232619'),(857,'sap.abap.spu_bcd','ABA','master',18,0,0,18,33,0.94,0,0,'20180525000615'),(858,'sap.abap.clover','ABA','master',48,0,0,48,1639,0.3,0,0,'20180525001023'),(859,'sap.abap.search','ABA','master',4,0,0,4,516,0.03,0,0,'20180525002217'),(860,'sap.abap.systemdataupt','ABA','master',17,0,0,17,589,0.1,0,0,'20180525002819'),(861,'sap.abap.lmdb','ABA','master',28,0,0,28,1072,0.24,0,0,'20180525002919'),(862,'sap.abap.ibase_i7d','ABA','master',10,0,0,10,828,0.06,0,0,'20180525004317'),(863,'sap.abap.spu_i7d','ABA','master',43,0,0,43,218,0.8,0,0,'20180525004319'),(864,'sap.abap.sysoverview','ABA','master',81,2,0,83,432,0.34,0,0,'20180525004821'),(865,'sap.abap.user','ABA','master',2,0,0,2,42,0.55,0,0,'20180525005912'),(866,'sap.abap.ibase_bcd','ABA','master',66,8,0,74,2715,0.23,0,0,'20180525012516'),(867,'sap.support.incidentdevopsdashboard','UI5','master',82,0,0,98,615,0.71,615,0.71,'20180525054022'),(868,'sap.support.systemdata','UI5','master',169,0,0,303,2070,0.4,33371,0.02,'20180525072034'),(869,'sap.support.bydchat','UI5','master',79,0,0,104,308,0.84,313,0.83,'20180525095041'),(870,'sap.abap.systemdataeudp','ABA','master',16,0,0,16,60,0.67,0,0,'20180525101713'),(871,'sap.abap.bydchat','ABA','master',4,0,0,4,465,0.04,0,0,'20180525230915'),(872,'sap.abap.incidentform','ABA','master',44,0,0,44,2947,0.04,0,0,'20180525232617'),(873,'sap.abap.sae','ABA','master',193,0,0,193,3470,0.33,0,0,'20180525233725'),(874,'sap.abap.cssng','ABA','master',1065,2,1,1067,13642,0.59,0,0,'20180525235818'),(875,'sap.abap.spu_bcd','ABA','master',18,0,0,18,33,0.94,0,0,'20180526000613'),(876,'sap.abap.clover','ABA','master',48,0,0,48,1643,0.3,0,0,'20180526001017'),(877,'sap.abap.search','ABA','master',4,0,0,4,516,0.03,0,0,'20180526002215'),(878,'sap.abap.systemdataupt','ABA','master',17,0,0,17,589,0.1,0,0,'20180526002817'),(879,'sap.abap.lmdb','ABA','master',28,0,0,28,1072,0.24,0,0,'20180526002915'),(880,'sap.abap.ibase_i7d','ABA','master',10,0,0,10,828,0.06,0,0,'20180526004315'),(881,'sap.abap.spu_i7d','ABA','master',43,0,0,43,218,0.8,0,0,'20180526004317'),(882,'sap.abap.sysoverview','ABA','master',81,5,0,86,432,0.34,0,0,'20180526004821'),(883,'sap.abap.user','ABA','master',2,0,0,2,42,0.55,0,0,'20180526005915'),(884,'sap.abap.ibase_bcd','ABA','master',66,8,0,74,2715,0.23,0,0,'20180526012515'),(885,'sap.support.incidentdevopsdashboard','UI5','master',86,0,0,102,610,0.8,610,0.8,'20180526071742'),(886,'sap.support.engineersearch','UI5','master',480,0,0,658,2943,0.79,3054,0.77,'20180526081253'),(887,'sap.abap.systemdataeudp','ABA','master',16,0,0,16,60,0.67,0,0,'20180526101716'),(888,'sap.support.incidentform','UI5','master',392,0,0,631,5810,0.25,6019,0.24,'20180526170709'),(889,'sap.support.incidentform','UI5','transport',392,0,0,631,5810,0.25,6019,0.24,'20180527061204'),(890,'sap.support.sae','UI5','master',502,0,0,897,2440,0.73,2504,0.71,'20180527062108'),(891,'sap.abap.bydchat','ABA','master',4,0,0,4,465,0.04,0,0,'20180527230916'),(892,'sap.abap.incidentform','ABA','master',44,0,0,44,2947,0.04,0,0,'20180527232618'),(893,'sap.abap.sae','ABA','master',193,0,0,193,3470,0.33,0,0,'20180527233728'),(894,'sap.abap.cssng','ABA','master',1066,2,1,1068,13646,0.59,0,0,'20180527235828'),(895,'sap.abap.spu_bcd','ABA','master',18,0,0,18,33,0.94,0,0,'20180528000614'),(896,'sap.abap.clover','ABA','master',48,0,0,48,1643,0.3,0,0,'20180528001018'),(897,'sap.abap.search','ABA','master',4,0,0,4,516,0.03,0,0,'20180528002216'),(898,'sap.abap.systemdataupt','ABA','master',17,0,0,17,589,0.1,0,0,'20180528002818'),(899,'sap.abap.lmdb','ABA','master',28,0,0,28,1072,0.24,0,0,'20180528002916'),(900,'sap.abap.ibase_i7d','ABA','master',10,0,0,10,828,0.06,0,0,'20180528004316'),(901,'sap.abap.spu_i7d','ABA','master',43,0,0,43,218,0.8,0,0,'20180528004318'),(902,'sap.abap.sysoverview','ABA','master',81,5,0,86,432,0.34,0,0,'20180528004820'),(903,'sap.abap.user','ABA','master',2,0,0,2,42,0.55,0,0,'20180528005916'),(904,'sap.abap.ibase_bcd','ABA','master',66,8,0,74,2715,0.23,0,0,'20180528012516'),(905,'sap.support.engineersearch','UI5','master',480,0,0,658,2963,0.79,3196,0.73,'20180528073836'),(906,'sap.support.sbasystemdata','UI5','hotfix',92,0,0,169,1201,0.66,31480,0.03,'20180528081355'),(907,'sap.support.systemdata','UI5','hotfix',131,0,0,248,2154,0.38,2652,0.31,'20180528082049'),(908,'sap.support.servicemessage','UI5','master',52,0,0,53,752,0.35,1907,0.14,'20180528081504'),(909,'sap.abap.systemdataeudp','ABA','master',16,0,0,16,60,0.67,0,0,'20180528101712'),(910,'sap.abap.bydchat','ABA','master',4,0,0,4,465,0.04,0,0,'20180528230914'),(911,'sap.abap.incidentform','ABA','master',44,0,0,44,2947,0.04,0,0,'20180528232616'),(912,'sap.abap.sae','ABA','master',193,0,0,193,3474,0.33,0,0,'20180528233724'),(913,'sap.abap.cssng','ABA','master',1068,2,1,1070,13648,0.59,0,0,'20180528235814'),(914,'sap.abap.spu_bcd','ABA','master',18,0,0,18,33,0.94,0,0,'20180529000612'),(915,'sap.abap.clover','ABA','master',48,0,0,48,1643,0.3,0,0,'20180529001016'),(916,'sap.abap.search','ABA','master',4,0,0,4,516,0.03,0,0,'20180529002214'),(917,'sap.abap.systemdataupt','ABA','master',17,0,0,17,589,0.1,0,0,'20180529002816'),(918,'sap.abap.lmdb','ABA','master',28,0,0,28,1072,0.24,0,0,'20180529002914'),(919,'sap.abap.ibase_i7d','ABA','master',10,0,0,10,828,0.06,0,0,'20180529004314'),(920,'sap.abap.spu_i7d','ABA','master',43,0,0,43,218,0.8,0,0,'20180529004316'),(921,'sap.abap.sysoverview','ABA','master',84,2,0,86,432,0.34,0,0,'20180529004818'),(922,'sap.abap.user','ABA','master',2,0,0,2,42,0.55,0,0,'20180529005914'),(923,'sap.abap.ibase_bcd','ABA','master',66,8,0,74,2715,0.23,0,0,'20180529012515');
/*!40000 ALTER TABLE `UT` ENABLE KEYS */;
UNLOCK TABLES;

--
-- Table structure for table `User`
--

DROP TABLE IF EXISTS `User`;
/*!40101 SET @saved_cs_client     = @@character_set_client */;
/*!40101 SET character_set_client = utf8 */;
CREATE TABLE `User` (
  `uid` char(12) NOT NULL,
  `team` char(4) DEFAULT NULL,
  `email` char(60) DEFAULT NULL,
  `firstname` char(35) DEFAULT NULL,
  `lastname` char(35) DEFAULT NULL,
  PRIMARY KEY (`uid`)
) ENGINE=InnoDB DEFAULT CHARSET=latin1;
/*!40101 SET character_set_client = @saved_cs_client */;

--
-- Dumping data for table `User`
--

LOCK TABLES `User` WRITE;
/*!40000 ALTER TABLE `User` DISABLE KEYS */;
/*!40000 ALTER TABLE `User` ENABLE KEYS */;
UNLOCK TABLES;
/*!40103 SET TIME_ZONE=@OLD_TIME_ZONE */;

/*!40101 SET SQL_MODE=@OLD_SQL_MODE */;
/*!40014 SET FOREIGN_KEY_CHECKS=@OLD_FOREIGN_KEY_CHECKS */;
/*!40014 SET UNIQUE_CHECKS=@OLD_UNIQUE_CHECKS */;
/*!40101 SET CHARACTER_SET_CLIENT=@OLD_CHARACTER_SET_CLIENT */;
/*!40101 SET CHARACTER_SET_RESULTS=@OLD_CHARACTER_SET_RESULTS */;
/*!40101 SET COLLATION_CONNECTION=@OLD_COLLATION_CONNECTION */;
/*!40111 SET SQL_NOTES=@OLD_SQL_NOTES */;

-- Dump completed on 2018-05-29  3:12:06
